{
	"credit": "Made with Blockbench",
	"parent": "./cit_item",
	"textures": {
		"0": "block/MizunoArchive/acacia_planks"
	},
	"elements": [
		{
			"from": [2, 10.5, 2],
			"to": [14, 15.5, 14],
			"faces": {
				"north": {"uv": [2, 0, 7, 12], "rotation": 90, "texture": "#0"},
				"east": {"uv": [2, 0, 7, 12], "rotation": 90, "texture": "#0"},
				"south": {"uv": [2, 0, 7, 12], "rotation": 90, "texture": "#0"},
				"west": {"uv": [2, 0, 7, 12], "rotation": 90, "texture": "#0"},
				"up": {"uv": [2, 2, 14, 14], "texture": "#0"},
				"down": {"uv": [2, 2, 14, 14], "texture": "#0"}
			}
		},
		{
			"from": [1.5, 0, 1.5],
			"to": [3.5, 11, 3.5],
			"faces": {
				"north": {"uv": [1, 0, 3, 11], "texture": "#0"},
				"east": {"uv": [1, 0, 3, 11], "texture": "#0"},
				"south": {"uv": [1, 0, 3, 11], "texture": "#0"},
				"west": {"uv": [1, 0, 3, 11], "texture": "#0"},
				"up": {"uv": [1, 0, 3, 11], "texture": "#0"},
				"down": {"uv": [1, 0, 3, 11], "texture": "#0"}
			}
		},
		{
			"from": [1, 3, 1],
			"to": [4, 8, 4],
			"faces": {
				"north": {"uv": [1, 0, 4, 5.5], "texture": "#0"},
				"east": {"uv": [1, 0, 4, 5.5], "texture": "#0"},
				"south": {"uv": [1, 0, 4, 5.5], "texture": "#0"},
				"west": {"uv": [1, 0, 4, 5.5], "texture": "#0"},
				"up": {"uv": [1, 0, 4, 5.5], "texture": "#0"},
				"down": {"uv": [1, 0, 4, 5.5], "texture": "#0"}
			}
		},
		{
			"from": [1, 10, 1],
			"to": [4, 15.5, 4],
			"faces": {
				"north": {"uv": [1, 0, 4, 5.5], "texture": "#0"},
				"east": {"uv": [1, 0, 4, 5.5], "texture": "#0"},
				"south": {"uv": [1, 0, 4, 5.5], "texture": "#0"},
				"west": {"uv": [1, 0, 4, 5.5], "texture": "#0"},
				"up": {"uv": [1, 0, 4, 5.5], "texture": "#0"},
				"down": {"uv": [1, 0, 4, 5.5], "texture": "#0"}
			}
		},
		{
			"from": [1.5, 0, 12.5],
			"to": [3.5, 11, 14.5],
			"faces": {
				"north": {"uv": [1, 0, 3, 11], "texture": "#0"},
				"east": {"uv": [1, 0, 3, 11], "texture": "#0"},
				"south": {"uv": [1, 0, 3, 11], "texture": "#0"},
				"west": {"uv": [1, 0, 3, 11], "texture": "#0"},
				"up": {"uv": [1, 0, 3, 11], "texture": "#0"},
				"down": {"uv": [1, 0, 3, 11], "texture": "#0"}
			}
		},
		{
			"from": [1, 3, 12],
			"to": [4, 8, 15],
			"faces": {
				"north": {"uv": [1, 0, 4, 5.5], "texture": "#0"},
				"east": {"uv": [1, 0, 4, 5.5], "texture": "#0"},
				"south": {"uv": [1, 0, 4, 5.5], "texture": "#0"},
				"west": {"uv": [1, 0, 4, 5.5], "texture": "#0"},
				"up": {"uv": [1, 0, 4, 5.5], "texture": "#0"},
				"down": {"uv": [1, 0, 4, 5.5], "texture": "#0"}
			}
		},
		{
			"from": [1, 10, 12],
			"to": [4, 15.5, 15],
			"faces": {
				"north": {"uv": [1, 0, 4, 5.5], "texture": "#0"},
				"east": {"uv": [1, 0, 4, 5.5], "texture": "#0"},
				"south": {"uv": [1, 0, 4, 5.5], "texture": "#0"},
				"west": {"uv": [1, 0, 4, 5.5], "texture": "#0"},
				"up": {"uv": [1, 0, 4, 5.5], "texture": "#0"},
				"down": {"uv": [1, 0, 4, 5.5], "texture": "#0"}
			}
		},
		{
			"from": [12.5, 0, 1.5],
			"to": [14.5, 11, 3.5],
			"faces": {
				"north": {"uv": [1, 0, 3, 11], "texture": "#0"},
				"east": {"uv": [1, 0, 3, 11], "texture": "#0"},
				"south": {"uv": [1, 0, 3, 11], "texture": "#0"},
				"west": {"uv": [1, 0, 3, 11], "texture": "#0"},
				"up": {"uv": [1, 0, 3, 11], "texture": "#0"},
				"down": {"uv": [1, 0, 3, 11], "texture": "#0"}
			}
		},
		{
			"from": [12, 3, 1],
			"to": [15, 8, 4],
			"faces": {
				"north": {"uv": [1, 0, 4, 5.5], "texture": "#0"},
				"east": {"uv": [1, 0, 4, 5.5], "texture": "#0"},
				"south": {"uv": [1, 0, 4, 5.5], "texture": "#0"},
				"west": {"uv": [1, 0, 4, 5.5], "texture": "#0"},
				"up": {"uv": [1, 0, 4, 5.5], "texture": "#0"},
				"down": {"uv": [1, 0, 4, 5.5], "texture": "#0"}
			}
		},
		{
			"from": [12, 10, 1],
			"to": [15, 15.5, 4],
			"faces": {
				"north": {"uv": [1, 0, 4, 5.5], "texture": "#0"},
				"east": {"uv": [1, 0, 4, 5.5], "texture": "#0"},
				"south": {"uv": [1, 0, 4, 5.5], "texture": "#0"},
				"west": {"uv": [1, 0, 4, 5.5], "texture": "#0"},
				"up": {"uv": [1, 0, 4, 5.5], "texture": "#0"},
				"down": {"uv": [1, 0, 4, 5.5], "texture": "#0"}
			}
		},
		{
			"from": [12.5, 0, 12.5],
			"to": [14.5, 11, 14.5],
			"faces": {
				"north": {"uv": [1, 0, 3, 11], "texture": "#0"},
				"east": {"uv": [1, 0, 3, 11], "texture": "#0"},
				"south": {"uv": [1, 0, 3, 11], "texture": "#0"},
				"west": {"uv": [1, 0, 3, 11], "texture": "#0"},
				"up": {"uv": [1, 0, 3, 11], "texture": "#0"},
				"down": {"uv": [1, 0, 3, 11], "texture": "#0"}
			}
		},
		{
			"from": [12, 3, 12],
			"to": [15, 8, 15],
			"faces": {
				"north": {"uv": [1, 0, 4, 5.5], "texture": "#0"},
				"east": {"uv": [1, 0, 4, 5.5], "texture": "#0"},
				"south": {"uv": [1, 0, 4, 5.5], "texture": "#0"},
				"west": {"uv": [1, 0, 4, 5.5], "texture": "#0"},
				"up": {"uv": [1, 0, 4, 5.5], "texture": "#0"},
				"down": {"uv": [1, 0, 4, 5.5], "texture": "#0"}
			}
		},
		{
			"from": [12, 10, 12],
			"to": [15, 15.5, 15],
			"faces": {
				"north": {"uv": [1, 0, 4, 5.5], "texture": "#0"},
				"east": {"uv": [1, 0, 4, 5.5], "texture": "#0"},
				"south": {"uv": [1, 0, 4, 5.5], "texture": "#0"},
				"west": {"uv": [1, 0, 4, 5.5], "texture": "#0"},
				"up": {"uv": [1, 0, 4, 5.5], "texture": "#0"},
				"down": {"uv": [1, 0, 4, 5.5], "texture": "#0"}
			}
		}
	]
}