{
	"credit": "Made with Blockbench",
	"textures": {
		"0": "block/MizunoArchive/stripped_acacia_log"
	},
	"elements": [
		{
			"from": [11.25, 5.25, 11.35],
			"to": [12.25, 22, 12.25],
			"faces": {
				"north": {"uv": [8, 0, 9, 16], "texture": "#0"},
				"east": {"uv": [8, 0, 9, 16], "texture": "#0"},
				"south": {"uv": [8, 0, 9, 16], "texture": "#0"},
				"west": {"uv": [8, 0, 9, 16], "texture": "#0"},
				"up": {"uv": [8, 0, 9, 16], "texture": "#0"},
				"down": {"uv": [8, 0, 9, 16], "texture": "#0"}
			}
		},
		{
			"from": [11.25, 5.25, 3.85],
			"to": [12.25, 14.5, 4.75],
			"faces": {
				"north": {"uv": [8, 0, 9, 16], "texture": "#0"},
				"east": {"uv": [8, 0, 9, 16], "texture": "#0"},
				"south": {"uv": [8, 0, 9, 16], "texture": "#0"},
				"west": {"uv": [8, 0, 9, 16], "texture": "#0"},
				"up": {"uv": [8, 0, 9, 16], "texture": "#0"},
				"down": {"uv": [8, 0, 9, 16], "texture": "#0"}
			}
		},
		{
			"from": [3.75, 5.25, 11.35],
			"to": [4.75, 22, 12.25],
			"faces": {
				"north": {"uv": [8, 0, 9, 16], "texture": "#0"},
				"east": {"uv": [8, 0, 9, 16], "texture": "#0"},
				"south": {"uv": [8, 0, 9, 16], "texture": "#0"},
				"west": {"uv": [8, 0, 9, 16], "texture": "#0"},
				"up": {"uv": [8, 0, 9, 16], "texture": "#0"},
				"down": {"uv": [8, 0, 9, 16], "texture": "#0"}
			}
		},
		{
			"from": [3.75, 5.25, 3.85],
			"to": [4.75, 14.5, 4.75],
			"faces": {
				"north": {"uv": [8, 0, 9, 16], "texture": "#0"},
				"east": {"uv": [8, 0, 9, 16], "texture": "#0"},
				"south": {"uv": [8, 0, 9, 16], "texture": "#0"},
				"west": {"uv": [8, 0, 9, 16], "texture": "#0"},
				"up": {"uv": [8, 0, 9, 16], "texture": "#0"},
				"down": {"uv": [8, 0, 9, 16], "texture": "#0"}
			}
		},
		{
			"from": [11.05, 0.5, 11.15],
			"to": [12.45, 4.25, 12.45],
			"faces": {
				"north": {"uv": [5, 3, 6.399, 6.75], "texture": "#0"},
				"east": {"uv": [5, 3, 6.399, 6.75], "texture": "#0"},
				"south": {"uv": [5, 3, 6.399, 6.75], "texture": "#0"},
				"west": {"uv": [5, 3, 6.399, 6.75], "texture": "#0"},
				"up": {"uv": [5, 3, 6.399, 6.75], "texture": "#0"},
				"down": {"uv": [5, 3, 6.399, 6.75], "texture": "#0"}
			}
		},
		{
			"from": [3.55, 0.5, 11.15],
			"to": [4.95, 4.25, 12.45],
			"faces": {
				"north": {"uv": [5, 3, 6.399, 6.75], "texture": "#0"},
				"east": {"uv": [5, 3, 6.399, 6.75], "texture": "#0"},
				"south": {"uv": [5, 3, 6.399, 6.75], "texture": "#0"},
				"west": {"uv": [5, 3, 6.399, 6.75], "texture": "#0"},
				"up": {"uv": [5, 3, 6.399, 6.75], "texture": "#0"},
				"down": {"uv": [5, 3, 6.399, 6.75], "texture": "#0"}
			}
		},
		{
			"from": [3.55, 0.5, 3.65],
			"to": [4.95, 4.25, 4.95],
			"faces": {
				"north": {"uv": [5, 3, 6.399, 6.75], "texture": "#0"},
				"east": {"uv": [5, 3, 6.399, 6.75], "texture": "#0"},
				"south": {"uv": [5, 3, 6.399, 6.75], "texture": "#0"},
				"west": {"uv": [5, 3, 6.399, 6.75], "texture": "#0"},
				"up": {"uv": [5, 3, 6.399, 6.75], "texture": "#0"},
				"down": {"uv": [5, 3, 6.399, 6.75], "texture": "#0"}
			}
		},
		{
			"from": [11.05, 0.5, 3.65],
			"to": [12.45, 4.25, 4.95],
			"faces": {
				"north": {"uv": [5, 3, 6.399, 6.75], "texture": "#0"},
				"east": {"uv": [5, 3, 6.399, 6.75], "texture": "#0"},
				"south": {"uv": [5, 3, 6.399, 6.75], "texture": "#0"},
				"west": {"uv": [5, 3, 6.399, 6.75], "texture": "#0"},
				"up": {"uv": [5, 3, 6.399, 6.75], "texture": "#0"},
				"down": {"uv": [5, 3, 6.399, 6.75], "texture": "#0"}
			}
		},
		{
			"from": [3.65, 4.25, 3.75],
			"to": [4.85, 8, 4.85],
			"faces": {
				"north": {"uv": [4, 4, 5.2, 7.75], "texture": "#0"},
				"east": {"uv": [4, 4, 5.2, 7.75], "texture": "#0"},
				"south": {"uv": [4, 4, 5.2, 7.75], "texture": "#0"},
				"west": {"uv": [4, 4, 5.2, 7.75], "texture": "#0"},
				"up": {"uv": [4, 4, 5.2, 7.75], "texture": "#0"},
				"down": {"uv": [4, 4, 5.2, 7.75], "texture": "#0"}
			}
		},
		{
			"from": [3.65, 4.25, 11.25],
			"to": [4.85, 8, 12.35],
			"faces": {
				"north": {"uv": [4, 4, 5.2, 7.75], "texture": "#0"},
				"east": {"uv": [4, 4, 5.2, 7.75], "texture": "#0"},
				"south": {"uv": [4, 4, 5.2, 7.75], "texture": "#0"},
				"west": {"uv": [4, 4, 5.2, 7.75], "texture": "#0"},
				"up": {"uv": [4, 4, 5.2, 7.75], "texture": "#0"},
				"down": {"uv": [4, 4, 5.2, 7.75], "texture": "#0"}
			}
		},
		{
			"from": [11.15, 4.25, 11.25],
			"to": [12.35, 8, 12.35],
			"faces": {
				"north": {"uv": [4, 4, 5.2, 7.75], "texture": "#0"},
				"east": {"uv": [4, 4, 5.2, 7.75], "texture": "#0"},
				"south": {"uv": [4, 4, 5.2, 7.75], "texture": "#0"},
				"west": {"uv": [4, 4, 5.2, 7.75], "texture": "#0"},
				"up": {"uv": [4, 4, 5.2, 7.75], "texture": "#0"},
				"down": {"uv": [4, 4, 5.2, 7.75], "texture": "#0"}
			}
		},
		{
			"from": [11.15, 4.25, 3.75],
			"to": [12.35, 8, 4.85],
			"faces": {
				"north": {"uv": [4, 4, 5.2, 7.75], "texture": "#0"},
				"east": {"uv": [4, 4, 5.2, 7.75], "texture": "#0"},
				"south": {"uv": [4, 4, 5.2, 7.75], "texture": "#0"},
				"west": {"uv": [4, 4, 5.2, 7.75], "texture": "#0"},
				"up": {"uv": [4, 4, 5.2, 7.75], "texture": "#0"},
				"down": {"uv": [4, 4, 5.2, 7.75], "texture": "#0"}
			}
		},
		{
			"from": [4.75, 4.75, 11.25],
			"to": [11.25, 5.5, 12],
			"faces": {
				"north": {"uv": [4, 6, 10.5, 6.75], "texture": "#0"},
				"east": {"uv": [4, 6, 10.5, 6.75], "texture": "#0"},
				"south": {"uv": [4, 6, 10.5, 6.75], "texture": "#0"},
				"west": {"uv": [4, 6, 10.5, 6.75], "texture": "#0"},
				"up": {"uv": [4, 6, 10.5, 6.75], "texture": "#0"},
				"down": {"uv": [4, 6, 10.5, 6.75], "texture": "#0"}
			}
		},
		{
			"from": [4, 4.75, 4.75],
			"to": [4.75, 5.5, 11.25],
			"faces": {
				"north": {"uv": [4, 5, 10.5, 5.75], "texture": "#0"},
				"east": {"uv": [4, 5, 10.5, 5.75], "texture": "#0"},
				"south": {"uv": [4, 5, 10.5, 5.75], "texture": "#0"},
				"west": {"uv": [4, 5, 10.5, 5.75], "texture": "#0"},
				"up": {"uv": [4, 5, 10.5, 5.75], "texture": "#0"},
				"down": {"uv": [4, 5, 10.5, 5.75], "texture": "#0"}
			}
		},
		{
			"from": [4.75, 4.75, 4.1],
			"to": [11.25, 5.5, 4.75],
			"faces": {
				"north": {"uv": [4, 6, 10.5, 6.75], "texture": "#0"},
				"east": {"uv": [4, 6, 10.5, 6.75], "texture": "#0"},
				"south": {"uv": [4, 6, 10.5, 6.75], "texture": "#0"},
				"west": {"uv": [4, 6, 10.5, 6.75], "texture": "#0"},
				"up": {"uv": [4, 6, 10.5, 6.75], "texture": "#0"},
				"down": {"uv": [4, 6, 10.5, 6.75], "texture": "#0"}
			}
		},
		{
			"from": [11.25, 4.75, 4.85],
			"to": [12, 5.5, 11.25],
			"faces": {
				"north": {"uv": [4, 5, 10.5, 5.75], "texture": "#0"},
				"east": {"uv": [4, 5, 10.5, 5.75], "texture": "#0"},
				"south": {"uv": [4, 5, 10.5, 5.75], "texture": "#0"},
				"west": {"uv": [4, 5, 10.5, 5.75], "texture": "#0"},
				"up": {"uv": [4, 5, 10.5, 5.75], "texture": "#0"},
				"down": {"uv": [4, 5, 10.5, 5.75], "texture": "#0"}
			}
		},
		{
			"from": [4.65, 10.1, 11.35],
			"to": [11.25, 10.65, 11.9],
			"faces": {
				"north": {"uv": [4, 6, 10.5, 6.75], "texture": "#0"},
				"east": {"uv": [4, 6, 10.5, 6.75], "texture": "#0"},
				"south": {"uv": [4, 6, 10.5, 6.75], "texture": "#0"},
				"west": {"uv": [4, 6, 10.5, 6.75], "texture": "#0"},
				"up": {"uv": [4, 6, 10.5, 6.75], "texture": "#0"},
				"down": {"uv": [4, 6, 10.5, 6.75], "texture": "#0"}
			}
		},
		{
			"from": [4, 10.1, 4.75],
			"to": [4.55, 10.65, 11.25],
			"faces": {
				"north": {"uv": [4, 5, 10.5, 5.75], "texture": "#0"},
				"east": {"uv": [4, 5, 10.5, 5.75], "texture": "#0"},
				"south": {"uv": [4, 5, 10.5, 5.75], "texture": "#0"},
				"west": {"uv": [4, 5, 10.5, 5.75], "texture": "#0"},
				"up": {"uv": [4, 5, 10.5, 5.75], "texture": "#0"},
				"down": {"uv": [4, 5, 10.5, 5.75], "texture": "#0"}
			}
		},
		{
			"from": [4.65, 10.1, 4.2],
			"to": [11.25, 10.65, 4.65],
			"faces": {
				"north": {"uv": [4, 6, 10.5, 6.75], "texture": "#0"},
				"east": {"uv": [4, 6, 10.5, 6.75], "texture": "#0"},
				"south": {"uv": [4, 6, 10.5, 6.75], "texture": "#0"},
				"west": {"uv": [4, 6, 10.5, 6.75], "texture": "#0"},
				"up": {"uv": [4, 6, 10.5, 6.75], "texture": "#0"},
				"down": {"uv": [4, 6, 10.5, 6.75], "texture": "#0"}
			}
		},
		{
			"from": [11.25, 10.1, 4.85],
			"to": [11.8, 10.65, 11.25],
			"faces": {
				"north": {"uv": [4, 5, 10.5, 5.75], "texture": "#0"},
				"east": {"uv": [4, 5, 10.5, 5.75], "texture": "#0"},
				"south": {"uv": [4, 5, 10.5, 5.75], "texture": "#0"},
				"west": {"uv": [4, 5, 10.5, 5.75], "texture": "#0"},
				"up": {"uv": [4, 5, 10.5, 5.75], "texture": "#0"},
				"down": {"uv": [4, 5, 10.5, 5.75], "texture": "#0"}
			}
		},
		{
			"from": [11.15, 0, 11.25],
			"to": [12.35, 0.5, 12.35],
			"faces": {
				"north": {"uv": [4, 4, 5, 5], "texture": "#0"},
				"east": {"uv": [4, 4, 5, 5], "texture": "#0"},
				"south": {"uv": [4, 4, 5, 5], "texture": "#0"},
				"west": {"uv": [4, 4, 5, 5], "texture": "#0"},
				"up": {"uv": [4, 4, 5, 5], "texture": "#0"},
				"down": {"uv": [4, 4, 5, 5], "texture": "#0"}
			}
		},
		{
			"from": [3.65, 0, 11.25],
			"to": [4.85, 0.5, 12.35],
			"faces": {
				"north": {"uv": [4, 4, 5, 5], "texture": "#0"},
				"east": {"uv": [4, 4, 5, 5], "texture": "#0"},
				"south": {"uv": [4, 4, 5, 5], "texture": "#0"},
				"west": {"uv": [4, 4, 5, 5], "texture": "#0"},
				"up": {"uv": [4, 4, 5, 5], "texture": "#0"},
				"down": {"uv": [4, 4, 5, 5], "texture": "#0"}
			}
		},
		{
			"from": [3.65, 0, 3.75],
			"to": [4.85, 0.5, 4.85],
			"faces": {
				"north": {"uv": [4, 4, 5, 5], "texture": "#0"},
				"east": {"uv": [4, 4, 5, 5], "texture": "#0"},
				"south": {"uv": [4, 4, 5, 5], "texture": "#0"},
				"west": {"uv": [4, 4, 5, 5], "texture": "#0"},
				"up": {"uv": [4, 4, 5, 5], "texture": "#0"},
				"down": {"uv": [4, 4, 5, 5], "texture": "#0"}
			}
		},
		{
			"from": [11.15, 0, 3.75],
			"to": [12.35, 0.5, 4.85],
			"faces": {
				"north": {"uv": [4, 4, 5, 5], "texture": "#0"},
				"east": {"uv": [4, 4, 5, 5], "texture": "#0"},
				"south": {"uv": [4, 4, 5, 5], "texture": "#0"},
				"west": {"uv": [4, 4, 5, 5], "texture": "#0"},
				"up": {"uv": [4, 4, 5, 5], "texture": "#0"},
				"down": {"uv": [4, 4, 5, 5], "texture": "#0"}
			}
		},
		{
			"from": [4.14042, 13.75, 3.8048],
			"to": [11.85958, 14.89, 12.1952],
			"faces": {
				"north": {"uv": [0, 0, 12, 1.5], "texture": "#0"},
				"east": {"uv": [0, 0, 12, 1.5], "texture": "#0"},
				"south": {"uv": [0, 0, 12, 1.5], "texture": "#0"},
				"west": {"uv": [0, 0, 12, 1.5], "texture": "#0"},
				"up": {"uv": [2, 1, 14, 13], "texture": "#0"},
				"down": {"uv": [0, 0, 12, 12], "texture": "#0"}
			}
		},
		{
			"from": [4.6036, 20.56198, 11.42],
			"to": [11.3964, 21.38461, 12.16],
			"faces": {
				"north": {"uv": [4, 5, 10.292, 5.822], "texture": "#0"},
				"east": {"uv": [4, 5, 10.292, 5.822], "texture": "#0"},
				"south": {"uv": [4, 5, 10.292, 5.822], "texture": "#0"},
				"west": {"uv": [4, 5, 10.292, 5.822], "texture": "#0"},
				"up": {"uv": [4, 5, 10.292, 5.822], "texture": "#0"},
				"down": {"uv": [4, 5, 10.292, 5.822], "texture": "#0"}
			}
		},
		{
			"from": [4.14042, 13.75, 3.0752],
			"to": [11.85958, 14.89, 3.8048],
			"faces": {
				"north": {"uv": [2, 7, 13.5, 8.5], "texture": "#0"},
				"east": {"uv": [2, 7, 13.5, 8.5], "texture": "#0"},
				"south": {"uv": [2, 7, 13.5, 8.5], "texture": "#0"},
				"west": {"uv": [2, 7, 13.5, 8.5], "texture": "#0"},
				"up": {"uv": [2, 7, 13.5, 8.5], "texture": "#0"},
				"down": {"uv": [2, 7, 13.5, 8.5], "texture": "#0"}
			}
		},
		{
			"from": [11.85958, 13.75, 3.8048],
			"to": [12.53082, 14.89, 12.1952],
			"faces": {
				"north": {"uv": [2, 7, 13.5, 8.5], "texture": "#0"},
				"east": {"uv": [2, 7, 13.5, 8.5], "texture": "#0"},
				"south": {"uv": [2, 7, 13.5, 8.5], "texture": "#0"},
				"west": {"uv": [2, 7, 13.5, 8.5], "texture": "#0"},
				"up": {"uv": [2, 7, 13.5, 8.5], "rotation": 90, "texture": "#0"},
				"down": {"uv": [2, 7, 13.5, 8.5], "rotation": 90, "texture": "#0"}
			}
		},
		{
			"from": [4.14042, 13.75, 12.1952],
			"to": [11.85958, 14.89, 12.9248],
			"faces": {
				"north": {"uv": [2, 5, 14, 6.5], "texture": "#0"},
				"east": {"uv": [2, 5, 14, 6.5], "texture": "#0"},
				"south": {"uv": [2, 5, 14, 6.5], "texture": "#0"},
				"west": {"uv": [2, 5, 14, 6.5], "texture": "#0"},
				"up": {"uv": [2, 5, 14, 6.5], "texture": "#0"},
				"down": {"uv": [2, 5, 14, 6.5], "texture": "#0"}
			}
		},
		{
			"from": [3.46918, 13.75, 3.8048],
			"to": [4.14042, 14.89, 12.1952],
			"faces": {
				"north": {"uv": [2, 7, 13.5, 8.5], "texture": "#0"},
				"east": {"uv": [2, 7, 13.5, 8.5], "texture": "#0"},
				"south": {"uv": [2, 7, 13.5, 8.5], "texture": "#0"},
				"west": {"uv": [2, 7, 13.5, 8.5], "texture": "#0"},
				"up": {"uv": [2, 7, 13.5, 8.5], "rotation": 90, "texture": "#0"},
				"down": {"uv": [2, 7, 13.5, 8.5], "rotation": 90, "texture": "#0"}
			}
		},
		{
			"from": [7.7378, 14.80362, 11.61],
			"to": [8.2622, 20.56198, 12.08],
			"faces": {
				"north": {"uv": [5, 2, 5.524, 7.758], "texture": "#0"},
				"east": {"uv": [5, 2, 5.524, 7.758], "texture": "#0"},
				"south": {"uv": [5, 2, 5.524, 7.758], "texture": "#0"},
				"west": {"uv": [5, 2, 5.524, 7.758], "texture": "#0"},
				"up": {"uv": [5, 2, 5.524, 7.758], "texture": "#0"},
				"down": {"uv": [5, 2, 5.524, 7.758], "texture": "#0"}
			}
		},
		{
			"from": [9.4858, 14.80362, 11.61],
			"to": [10.0102, 20.56198, 12.08],
			"faces": {
				"north": {"uv": [5, 2, 5.524, 7.758], "texture": "#0"},
				"east": {"uv": [5, 2, 5.524, 7.758], "texture": "#0"},
				"south": {"uv": [5, 2, 5.524, 7.758], "texture": "#0"},
				"west": {"uv": [5, 2, 5.524, 7.758], "texture": "#0"},
				"up": {"uv": [5, 2, 5.524, 7.758], "texture": "#0"},
				"down": {"uv": [5, 2, 5.524, 7.758], "texture": "#0"}
			}
		},
		{
			"from": [5.9898, 14.80362, 11.61],
			"to": [6.5142, 20.56198, 12.08],
			"faces": {
				"north": {"uv": [5, 2, 5.524, 7.758], "texture": "#0"},
				"east": {"uv": [5, 2, 5.524, 7.758], "texture": "#0"},
				"south": {"uv": [5, 2, 5.524, 7.758], "texture": "#0"},
				"west": {"uv": [5, 2, 5.524, 7.758], "texture": "#0"},
				"up": {"uv": [5, 2, 5.524, 7.758], "texture": "#0"},
				"down": {"uv": [5, 2, 5.524, 7.758], "texture": "#0"}
			}
		},
		{
			"from": [3.67771, 13.74924, 3.2576],
			"to": [4.61744, 14.88924, 3.9872],
			"rotation": {"angle": 45, "axis": "y", "origin": [4.18114, 14.51, 3.8048]},
			"faces": {
				"north": {"uv": [4, 4, 5.399, 5], "texture": "#0"},
				"east": {"uv": [0, 0, 1.4, 1], "texture": "#0"},
				"south": {"uv": [0, 0, 1.4, 1], "texture": "#0"},
				"west": {"uv": [0, 0, 1.4, 1], "texture": "#0"},
				"up": {"uv": [0, 0, 1.4, 1], "texture": "#0"},
				"down": {"uv": [0, 0, 1.4, 1], "texture": "#0"}
			}
		},
		{
			"from": [11.69178, 13.74924, 3.30185],
			"to": [12.36301, 14.88924, 4.32329],
			"rotation": {"angle": 45, "axis": "y", "origin": [11.85958, 14.51076, 3.84905]},
			"faces": {
				"north": {"uv": [4, 4, 5.399, 5], "texture": "#0"},
				"east": {"uv": [4, 4, 5.399, 5], "texture": "#0"},
				"south": {"uv": [4, 4, 5.399, 5], "texture": "#0"},
				"west": {"uv": [4, 4, 5.399, 5], "texture": "#0"},
				"up": {"uv": [4, 4, 5.399, 5], "texture": "#0"},
				"down": {"uv": [4, 4, 5.399, 5], "texture": "#0"}
			}
		},
		{
			"from": [11.38256, 13.74924, 12.0128],
			"to": [12.32229, 14.88924, 12.7424],
			"rotation": {"angle": 45, "axis": "y", "origin": [11.81886, 14.51076, 12.1952]},
			"faces": {
				"north": {"uv": [4, 4, 5.399, 5], "texture": "#0"},
				"east": {"uv": [4, 4, 5.399, 5], "texture": "#0"},
				"south": {"uv": [4, 4, 5.399, 5], "texture": "#0"},
				"west": {"uv": [4, 4, 5.399, 5], "texture": "#0"},
				"up": {"uv": [4, 4, 5.399, 5], "texture": "#0"},
				"down": {"uv": [4, 4, 5.399, 5], "texture": "#0"}
			}
		},
		{
			"from": [3.63699, 13.74924, 11.67671],
			"to": [4.30822, 14.88924, 12.69815],
			"rotation": {"angle": 45, "axis": "y", "origin": [4.14042, 14.51076, 12.15095]},
			"faces": {
				"north": {"uv": [4, 4, 5.399, 5], "texture": "#0"},
				"east": {"uv": [4, 4, 5.399, 5], "texture": "#0"},
				"south": {"uv": [4, 4, 5.399, 5], "texture": "#0"},
				"west": {"uv": [4, 4, 5.399, 5], "texture": "#0"},
				"up": {"uv": [4, 4, 5.399, 5], "texture": "#0"},
				"down": {"uv": [4, 4, 5.399, 5], "texture": "#0"}
			}
		}
	],
	"display": {
		"thirdperson_righthand": {
			"rotation": [75, 45, 0],
			"translation": [0, 2.5, 0],
			"scale": [0.375, 0.375, 0.375]
		},
		"thirdperson_lefthand": {
			"rotation": [75, 45, 0],
			"translation": [0, 2.5, 0],
			"scale": [0.375, 0.375, 0.375]
		},
		"firstperson_righthand": {
			"rotation": [0, 19, 0],
			"scale": [0.4, 0.4, 0.4]
		},
		"firstperson_lefthand": {
			"rotation": [0, 12, 0],
			"scale": [0.4, 0.4, 0.4]
		},
		"ground": {
			"translation": [0, 0.25, 0],
			"scale": [0.5, 0.5, 0.5]
		},
		"gui": {
			"rotation": [30, 225, 0],
			"scale": [0.45, 0.45, 0.45]
		},
		"head": {
			"translation": [0, 13.75, 0],
			"scale": [0.8, 0.8, 0.8]
		},
		"fixed": {
			"rotation": [-90, 0, 0],
			"translation": [0, 0, -15],
			"scale": [2, 2, 2]
		}
	},
	"groups": [
		{
			"name": "Barstool",
			"origin": [8, 8, 8],
			"children": [
				{
					"name": "Cushion",
					"origin": [8, 8, 8],
					"children": []
				},
				{
					"name": "Legs",
					"origin": [8, 8, 8],
					"children": [0, 1, 2, 3, 4, 5, 6, 7, 8, 9, 10, 11,
						{
							"name": "support",
							"origin": [8, 8, 8],
							"children": [12, 13, 14, 15]
						},
						{
							"name": "support2",
							"origin": [8, 8, 8],
							"children": [16, 17, 18, 19]
						}, 20, 21, 22, 23]
				}
			]
		},
		{
			"name": "chair1oak",
			"origin": [8, 8, 8],
			"children": [
				{
					"name": "chair",
					"origin": [8, 8, 8],
					"children": []
				}
			]
		},
		{
			"name": "chair1oak",
			"origin": [8, 8, 8],
			"children": [
				{
					"name": "chair",
					"origin": [8, 8, 8],
					"children": [24, 25, 26, 27, 28, 29, 30, 31, 32, 33, 34, 35, 36]
				}
			]
		}
	]
}