{
	"credit": "Made with Blockbench",
	"textures": {
		"0": "block/MizunoArchive/stripped_birch_log"
	},
	"elements": [
		{
			"from": [11.25, 5.25, 11.35],
			"to": [12.25, 22.04, 12.25],
			"faces": {
				"north": {"uv": [8, 0, 9, 16], "texture": "#0"},
				"east": {"uv": [8, 0, 9, 16], "texture": "#0"},
				"south": {"uv": [8, 0, 9, 16], "texture": "#0"},
				"west": {"uv": [8, 0, 9, 16], "texture": "#0"},
				"up": {"uv": [8, 0, 9, 16], "texture": "#0"},
				"down": {"uv": [8, 0, 9, 16], "texture": "#0"}
			}
		},
		{
			"from": [11.25, 5.25, 3.85],
			"to": [12.25, 14.5, 4.75],
			"faces": {
				"north": {"uv": [8, 0, 9, 16], "texture": "#0"},
				"east": {"uv": [8, 0, 9, 16], "texture": "#0"},
				"south": {"uv": [8, 0, 9, 16], "texture": "#0"},
				"west": {"uv": [8, 0, 9, 16], "texture": "#0"},
				"up": {"uv": [8, 0, 9, 16], "texture": "#0"},
				"down": {"uv": [8, 0, 9, 16], "texture": "#0"}
			}
		},
		{
			"from": [3.75, 5.25, 11.35],
			"to": [4.75, 22.04, 12.25],
			"faces": {
				"north": {"uv": [8, 0, 9, 16], "texture": "#0"},
				"east": {"uv": [8, 0, 9, 16], "texture": "#0"},
				"south": {"uv": [8, 0, 9, 16], "texture": "#0"},
				"west": {"uv": [8, 0, 9, 16], "texture": "#0"},
				"up": {"uv": [8, 0, 9, 16], "texture": "#0"},
				"down": {"uv": [8, 0, 9, 16], "texture": "#0"}
			}
		},
		{
			"from": [3.75, 5.25, 3.85],
			"to": [4.75, 14.5, 4.75],
			"faces": {
				"north": {"uv": [8, 0, 9, 16], "texture": "#0"},
				"east": {"uv": [8, 0, 9, 16], "texture": "#0"},
				"south": {"uv": [8, 0, 9, 16], "texture": "#0"},
				"west": {"uv": [8, 0, 9, 16], "texture": "#0"},
				"up": {"uv": [8, 0, 9, 16], "texture": "#0"},
				"down": {"uv": [8, 0, 9, 16], "texture": "#0"}
			}
		},
		{
			"from": [11.05, 0.5, 11.15],
			"to": [12.45, 4.25, 12.45],
			"faces": {
				"north": {"uv": [5, 3, 6.399, 6.75], "texture": "#0"},
				"east": {"uv": [5, 3, 6.399, 6.75], "texture": "#0"},
				"south": {"uv": [5, 3, 6.399, 6.75], "texture": "#0"},
				"west": {"uv": [5, 3, 6.399, 6.75], "texture": "#0"},
				"up": {"uv": [5, 3, 6.399, 6.75], "texture": "#0"},
				"down": {"uv": [5, 3, 6.399, 6.75], "texture": "#0"}
			}
		},
		{
			"from": [3.55, 0.5, 11.15],
			"to": [4.95, 4.25, 12.45],
			"faces": {
				"north": {"uv": [5, 3, 6.399, 6.75], "texture": "#0"},
				"east": {"uv": [5, 3, 6.399, 6.75], "texture": "#0"},
				"south": {"uv": [5, 3, 6.399, 6.75], "texture": "#0"},
				"west": {"uv": [5, 3, 6.399, 6.75], "texture": "#0"},
				"up": {"uv": [5, 3, 6.399, 6.75], "texture": "#0"},
				"down": {"uv": [5, 3, 6.399, 6.75], "texture": "#0"}
			}
		},
		{
			"from": [3.55, 0.5, 3.65],
			"to": [4.95, 4.25, 4.95],
			"faces": {
				"north": {"uv": [5, 3, 6.399, 6.75], "texture": "#0"},
				"east": {"uv": [5, 3, 6.399, 6.75], "texture": "#0"},
				"south": {"uv": [5, 3, 6.399, 6.75], "texture": "#0"},
				"west": {"uv": [5, 3, 6.399, 6.75], "texture": "#0"},
				"up": {"uv": [5, 3, 6.399, 6.75], "texture": "#0"},
				"down": {"uv": [5, 3, 6.399, 6.75], "texture": "#0"}
			}
		},
		{
			"from": [11.05, 0.5, 3.65],
			"to": [12.45, 4.25, 4.95],
			"faces": {
				"north": {"uv": [5, 3, 6.399, 6.75], "texture": "#0"},
				"east": {"uv": [5, 3, 6.399, 6.75], "texture": "#0"},
				"south": {"uv": [5, 3, 6.399, 6.75], "texture": "#0"},
				"west": {"uv": [5, 3, 6.399, 6.75], "texture": "#0"},
				"up": {"uv": [5, 3, 6.399, 6.75], "texture": "#0"},
				"down": {"uv": [5, 3, 6.399, 6.75], "texture": "#0"}
			}
		},
		{
			"from": [3.65, 4.25, 3.75],
			"to": [4.85, 8, 4.85],
			"faces": {
				"north": {"uv": [4, 4, 5.2, 7.75], "texture": "#0"},
				"east": {"uv": [4, 4, 5.2, 7.75], "texture": "#0"},
				"south": {"uv": [4, 4, 5.2, 7.75], "texture": "#0"},
				"west": {"uv": [4, 4, 5.2, 7.75], "texture": "#0"},
				"up": {"uv": [4, 4, 5.2, 7.75], "texture": "#0"},
				"down": {"uv": [4, 4, 5.2, 7.75], "texture": "#0"}
			}
		},
		{
			"from": [3.65, 4.25, 11.25],
			"to": [4.85, 8, 12.35],
			"faces": {
				"north": {"uv": [4, 4, 5.2, 7.75], "texture": "#0"},
				"east": {"uv": [4, 4, 5.2, 7.75], "texture": "#0"},
				"south": {"uv": [4, 4, 5.2, 7.75], "texture": "#0"},
				"west": {"uv": [4, 4, 5.2, 7.75], "texture": "#0"},
				"up": {"uv": [4, 4, 5.2, 7.75], "texture": "#0"},
				"down": {"uv": [4, 4, 5.2, 7.75], "texture": "#0"}
			}
		},
		{
			"from": [11.15, 4.25, 11.25],
			"to": [12.35, 8, 12.35],
			"faces": {
				"north": {"uv": [4, 4, 5.2, 7.75], "texture": "#0"},
				"east": {"uv": [4, 4, 5.2, 7.75], "texture": "#0"},
				"south": {"uv": [4, 4, 5.2, 7.75], "texture": "#0"},
				"west": {"uv": [4, 4, 5.2, 7.75], "texture": "#0"},
				"up": {"uv": [4, 4, 5.2, 7.75], "texture": "#0"},
				"down": {"uv": [4, 4, 5.2, 7.75], "texture": "#0"}
			}
		},
		{
			"from": [11.15, 4.25, 3.75],
			"to": [12.35, 8, 4.85],
			"faces": {
				"north": {"uv": [4, 4, 5.2, 7.75], "texture": "#0"},
				"east": {"uv": [4, 4, 5.2, 7.75], "texture": "#0"},
				"south": {"uv": [4, 4, 5.2, 7.75], "texture": "#0"},
				"west": {"uv": [4, 4, 5.2, 7.75], "texture": "#0"},
				"up": {"uv": [4, 4, 5.2, 7.75], "texture": "#0"},
				"down": {"uv": [4, 4, 5.2, 7.75], "texture": "#0"}
			}
		},
		{
			"from": [4.75, 4.75, 11.25],
			"to": [11.25, 5.5, 12],
			"faces": {
				"north": {"uv": [4, 6, 10.5, 6.75], "texture": "#0"},
				"east": {"uv": [4, 6, 10.5, 6.75], "texture": "#0"},
				"south": {"uv": [4, 6, 10.5, 6.75], "texture": "#0"},
				"west": {"uv": [4, 6, 10.5, 6.75], "texture": "#0"},
				"up": {"uv": [4, 6, 10.5, 6.75], "texture": "#0"},
				"down": {"uv": [4, 6, 10.5, 6.75], "texture": "#0"}
			}
		},
		{
			"from": [4, 4.75, 4.75],
			"to": [4.75, 5.5, 11.25],
			"faces": {
				"north": {"uv": [4, 5, 10.5, 5.75], "texture": "#0"},
				"east": {"uv": [4, 5, 10.5, 5.75], "texture": "#0"},
				"south": {"uv": [4, 5, 10.5, 5.75], "texture": "#0"},
				"west": {"uv": [4, 5, 10.5, 5.75], "texture": "#0"},
				"up": {"uv": [4, 5, 10.5, 5.75], "texture": "#0"},
				"down": {"uv": [4, 5, 10.5, 5.75], "texture": "#0"}
			}
		},
		{
			"from": [4.75, 4.75, 4.1],
			"to": [11.25, 5.5, 4.75],
			"faces": {
				"north": {"uv": [4, 6, 10.5, 6.75], "texture": "#0"},
				"east": {"uv": [4, 6, 10.5, 6.75], "texture": "#0"},
				"south": {"uv": [4, 6, 10.5, 6.75], "texture": "#0"},
				"west": {"uv": [4, 6, 10.5, 6.75], "texture": "#0"},
				"up": {"uv": [4, 6, 10.5, 6.75], "texture": "#0"},
				"down": {"uv": [4, 6, 10.5, 6.75], "texture": "#0"}
			}
		},
		{
			"from": [11.25, 4.75, 4.85],
			"to": [12, 5.5, 11.25],
			"faces": {
				"north": {"uv": [4, 5, 10.5, 5.75], "texture": "#0"},
				"east": {"uv": [4, 5, 10.5, 5.75], "texture": "#0"},
				"south": {"uv": [4, 5, 10.5, 5.75], "texture": "#0"},
				"west": {"uv": [4, 5, 10.5, 5.75], "texture": "#0"},
				"up": {"uv": [4, 5, 10.5, 5.75], "texture": "#0"},
				"down": {"uv": [4, 5, 10.5, 5.75], "texture": "#0"}
			}
		},
		{
			"from": [4.65, 10.1, 11.35],
			"to": [11.25, 10.65, 11.9],
			"faces": {
				"north": {"uv": [4, 6, 10.5, 6.75], "texture": "#0"},
				"east": {"uv": [4, 6, 10.5, 6.75], "texture": "#0"},
				"south": {"uv": [4, 6, 10.5, 6.75], "texture": "#0"},
				"west": {"uv": [4, 6, 10.5, 6.75], "texture": "#0"},
				"up": {"uv": [4, 6, 10.5, 6.75], "texture": "#0"},
				"down": {"uv": [4, 6, 10.5, 6.75], "texture": "#0"}
			}
		},
		{
			"from": [4, 10.1, 4.75],
			"to": [4.55, 10.65, 11.25],
			"faces": {
				"north": {"uv": [4, 5, 10.5, 5.75], "texture": "#0"},
				"east": {"uv": [4, 5, 10.5, 5.75], "texture": "#0"},
				"south": {"uv": [4, 5, 10.5, 5.75], "texture": "#0"},
				"west": {"uv": [4, 5, 10.5, 5.75], "texture": "#0"},
				"up": {"uv": [4, 5, 10.5, 5.75], "texture": "#0"},
				"down": {"uv": [4, 5, 10.5, 5.75], "texture": "#0"}
			}
		},
		{
			"from": [4.65, 10.1, 4.2],
			"to": [11.25, 10.65, 4.65],
			"faces": {
				"north": {"uv": [4, 6, 10.5, 6.75], "texture": "#0"},
				"east": {"uv": [4, 6, 10.5, 6.75], "texture": "#0"},
				"south": {"uv": [4, 6, 10.5, 6.75], "texture": "#0"},
				"west": {"uv": [4, 6, 10.5, 6.75], "texture": "#0"},
				"up": {"uv": [4, 6, 10.5, 6.75], "texture": "#0"},
				"down": {"uv": [4, 6, 10.5, 6.75], "texture": "#0"}
			}
		},
		{
			"from": [11.25, 10.1, 4.85],
			"to": [11.8, 10.65, 11.25],
			"faces": {
				"north": {"uv": [4, 5, 10.5, 5.75], "texture": "#0"},
				"east": {"uv": [4, 5, 10.5, 5.75], "texture": "#0"},
				"south": {"uv": [4, 5, 10.5, 5.75], "texture": "#0"},
				"west": {"uv": [4, 5, 10.5, 5.75], "texture": "#0"},
				"up": {"uv": [4, 5, 10.5, 5.75], "texture": "#0"},
				"down": {"uv": [4, 5, 10.5, 5.75], "texture": "#0"}
			}
		},
		{
			"from": [11.15, 0, 11.25],
			"to": [12.35, 0.5, 12.35],
			"faces": {
				"north": {"uv": [4, 4, 5, 5], "texture": "#0"},
				"east": {"uv": [4, 4, 5, 5], "texture": "#0"},
				"south": {"uv": [4, 4, 5, 5], "texture": "#0"},
				"west": {"uv": [4, 4, 5, 5], "texture": "#0"},
				"up": {"uv": [4, 4, 5, 5], "texture": "#0"},
				"down": {"uv": [4, 4, 5, 5], "texture": "#0"}
			}
		},
		{
			"from": [3.65, 0, 11.25],
			"to": [4.85, 0.5, 12.35],
			"faces": {
				"north": {"uv": [4, 4, 5, 5], "texture": "#0"},
				"east": {"uv": [4, 4, 5, 5], "texture": "#0"},
				"south": {"uv": [4, 4, 5, 5], "texture": "#0"},
				"west": {"uv": [4, 4, 5, 5], "texture": "#0"},
				"up": {"uv": [4, 4, 5, 5], "texture": "#0"},
				"down": {"uv": [4, 4, 5, 5], "texture": "#0"}
			}
		},
		{
			"from": [3.65, 0, 3.75],
			"to": [4.85, 0.5, 4.85],
			"faces": {
				"north": {"uv": [4, 4, 5, 5], "texture": "#0"},
				"east": {"uv": [4, 4, 5, 5], "texture": "#0"},
				"south": {"uv": [4, 4, 5, 5], "texture": "#0"},
				"west": {"uv": [4, 4, 5, 5], "texture": "#0"},
				"up": {"uv": [4, 4, 5, 5], "texture": "#0"},
				"down": {"uv": [4, 4, 5, 5], "texture": "#0"}
			}
		},
		{
			"from": [11.15, 0, 3.75],
			"to": [12.35, 0.5, 4.85],
			"faces": {
				"north": {"uv": [4, 4, 5, 5], "texture": "#0"},
				"east": {"uv": [4, 4, 5, 5], "texture": "#0"},
				"south": {"uv": [4, 4, 5, 5], "texture": "#0"},
				"west": {"uv": [4, 4, 5, 5], "texture": "#0"},
				"up": {"uv": [4, 4, 5, 5], "texture": "#0"},
				"down": {"uv": [4, 4, 5, 5], "texture": "#0"}
			}
		},
		{
			"from": [4.14042, 13.75, 3.8048],
			"to": [11.85958, 14.89, 12.1952],
			"faces": {
				"north": {"uv": [0, 0, 12, 1.5], "texture": "#0"},
				"east": {"uv": [0, 0, 12, 1.5], "texture": "#0"},
				"south": {"uv": [0, 0, 12, 1.5], "texture": "#0"},
				"west": {"uv": [0, 0, 12, 1.5], "texture": "#0"},
				"up": {"uv": [2, 1, 14, 13], "texture": "#0"},
				"down": {"uv": [0, 0, 12, 12], "texture": "#0"}
			}
		},
		{
			"from": [4.14042, 13.75, 3.0752],
			"to": [11.85958, 14.89, 3.8048],
			"faces": {
				"north": {"uv": [2, 7, 13.5, 8.5], "texture": "#0"},
				"east": {"uv": [2, 7, 13.5, 8.5], "texture": "#0"},
				"south": {"uv": [2, 7, 13.5, 8.5], "texture": "#0"},
				"west": {"uv": [2, 7, 13.5, 8.5], "texture": "#0"},
				"up": {"uv": [2, 7, 13.5, 8.5], "texture": "#0"},
				"down": {"uv": [2, 7, 13.5, 8.5], "texture": "#0"}
			}
		},
		{
			"from": [11.85958, 13.75, 3.8048],
			"to": [12.60682, 14.89, 12.1952],
			"faces": {
				"north": {"uv": [2, 7, 13.5, 8.5], "texture": "#0"},
				"east": {"uv": [2, 7, 13.5, 8.5], "texture": "#0"},
				"south": {"uv": [2, 7, 13.5, 8.5], "texture": "#0"},
				"west": {"uv": [2, 7, 13.5, 8.5], "texture": "#0"},
				"up": {"uv": [2, 7, 13.5, 8.5], "rotation": 90, "texture": "#0"},
				"down": {"uv": [2, 7, 13.5, 8.5], "rotation": 90, "texture": "#0"}
			}
		},
		{
			"from": [4.14042, 13.75, 12.1952],
			"to": [11.85958, 14.89, 12.9248],
			"faces": {
				"north": {"uv": [2, 5, 14, 6.5], "texture": "#0"},
				"east": {"uv": [2, 5, 14, 6.5], "texture": "#0"},
				"south": {"uv": [2, 5, 14, 6.5], "texture": "#0"},
				"west": {"uv": [2, 5, 14, 6.5], "texture": "#0"},
				"up": {"uv": [2, 5, 14, 6.5], "texture": "#0"},
				"down": {"uv": [2, 5, 14, 6.5], "texture": "#0"}
			}
		},
		{
			"from": [3.39318, 13.75, 3.8048],
			"to": [4.14042, 14.89, 12.1952],
			"faces": {
				"north": {"uv": [2, 7, 13.5, 8.5], "texture": "#0"},
				"east": {"uv": [2, 7, 13.5, 8.5], "texture": "#0"},
				"south": {"uv": [2, 7, 13.5, 8.5], "texture": "#0"},
				"west": {"uv": [2, 7, 13.5, 8.5], "texture": "#0"},
				"up": {"uv": [2, 7, 13.5, 8.5], "rotation": 90, "texture": "#0"},
				"down": {"uv": [2, 7, 13.5, 8.5], "rotation": 90, "texture": "#0"}
			}
		},
		{
			"from": [3.63266, 13.74924, 3.28855],
			"to": [4.72438, 14.88924, 4.01815],
			"rotation": {"angle": 45, "axis": "y", "origin": [4.13608, 14.51076, 3.83575]},
			"faces": {
				"north": {"uv": [4, 4, 5.399, 5], "texture": "#0"},
				"east": {"uv": [0, 0, 1.4, 1], "texture": "#0"},
				"south": {"uv": [0, 0, 1.4, 1], "texture": "#0"},
				"west": {"uv": [0, 0, 1.4, 1], "texture": "#0"},
				"up": {"uv": [0, 0, 1.4, 1], "texture": "#0"},
				"down": {"uv": [0, 0, 1.4, 1], "texture": "#0"}
			}
		},
		{
			"from": [11.72273, 13.74924, 3.2709],
			"to": [12.39396, 14.88924, 4.29234],
			"rotation": {"angle": 45, "axis": "y", "origin": [11.89054, 14.51152, 3.8181]},
			"faces": {
				"north": {"uv": [4, 4, 5.399, 5], "texture": "#0"},
				"east": {"uv": [4, 4, 5.399, 5], "texture": "#0"},
				"south": {"uv": [4, 4, 5.399, 5], "texture": "#0"},
				"west": {"uv": [4, 4, 5.399, 5], "texture": "#0"},
				"up": {"uv": [4, 4, 5.399, 5], "texture": "#0"},
				"down": {"uv": [4, 4, 5.399, 5], "texture": "#0"}
			}
		},
		{
			"from": [11.34487, 13.74924, 12.04696],
			"to": [12.36059, 14.88924, 12.77656],
			"rotation": {"angle": 45, "axis": "y", "origin": [11.78117, 14.51152, 12.22936]},
			"faces": {
				"north": {"uv": [4, 4, 5.399, 5], "texture": "#0"},
				"east": {"uv": [4, 4, 5.399, 5], "texture": "#0"},
				"south": {"uv": [4, 4, 5.399, 5], "texture": "#0"},
				"west": {"uv": [4, 4, 5.399, 5], "texture": "#0"},
				"up": {"uv": [4, 4, 5.399, 5], "texture": "#0"},
				"down": {"uv": [4, 4, 5.399, 5], "texture": "#0"}
			}
		},
		{
			"from": [3.60604, 13.74924, 11.70766],
			"to": [4.27727, 14.88924, 12.7291],
			"rotation": {"angle": 45, "axis": "y", "origin": [4.10946, 14.51152, 12.1819]},
			"faces": {
				"north": {"uv": [4, 4, 5.399, 5], "texture": "#0"},
				"east": {"uv": [4, 4, 5.399, 5], "texture": "#0"},
				"south": {"uv": [4, 4, 5.399, 5], "texture": "#0"},
				"west": {"uv": [4, 4, 5.399, 5], "texture": "#0"},
				"up": {"uv": [4, 4, 5.399, 5], "texture": "#0"},
				"down": {"uv": [4, 4, 5.399, 5], "texture": "#0"}
			}
		},
		{
			"from": [5.56643, 20.84744, 11.41924],
			"to": [10.46083, 21.98744, 12.09084],
			"faces": {
				"north": {"uv": [4, 5, 11, 6.5], "texture": "#0"},
				"east": {"uv": [4, 5, 11, 6.5], "texture": "#0"},
				"south": {"uv": [4, 5, 11, 6.5], "texture": "#0"},
				"west": {"uv": [4, 5, 11, 6.5], "texture": "#0"},
				"up": {"uv": [4, 5, 11, 6.5], "texture": "#0"},
				"down": {"uv": [4, 5, 11, 6.5], "texture": "#0"}
			}
		},
		{
			"from": [7.7378, 16.79, 11.5834],
			"to": [8.2622, 21.12, 12.0192],
			"faces": {
				"north": {"uv": [4, 0, 4.75, 11], "texture": "#0"},
				"east": {"uv": [4, 0, 4.75, 11], "texture": "#0"},
				"south": {"uv": [4, 0, 4.75, 11], "texture": "#0"},
				"west": {"uv": [4, 0, 4.75, 11], "texture": "#0"},
				"up": {"uv": [4, 0, 4.75, 11], "texture": "#0"},
				"down": {"uv": [4, 0, 4.75, 11], "texture": "#0"}
			}
		},
		{
			"from": [9.4858, 16.79, 11.5834],
			"to": [10.0102, 21.12, 12.0192],
			"faces": {
				"north": {"uv": [2, 0, 2.75, 11], "texture": "#0"},
				"east": {"uv": [2, 0, 2.75, 11], "texture": "#0"},
				"south": {"uv": [2, 0, 2.75, 11], "texture": "#0"},
				"west": {"uv": [2, 0, 2.75, 11], "texture": "#0"},
				"up": {"uv": [2, 0, 2.75, 11], "texture": "#0"},
				"down": {"uv": [2, 0, 2.75, 11], "texture": "#0"}
			}
		},
		{
			"from": [5.9898, 16.79, 11.5834],
			"to": [6.5142, 21.12, 12.0192],
			"faces": {
				"north": {"uv": [6, 4, 6.75, 15], "texture": "#0"},
				"east": {"uv": [6, 4, 6.75, 15], "texture": "#0"},
				"south": {"uv": [6, 4, 6.75, 15], "texture": "#0"},
				"west": {"uv": [6, 4, 6.75, 15], "texture": "#0"},
				"up": {"uv": [6, 4, 6.75, 15], "texture": "#0"},
				"down": {"uv": [6, 4, 6.75, 15], "texture": "#0"}
			}
		},
		{
			"from": [8.20358, 21.19815, 11.41944],
			"to": [9.42718, 22.33815, 12.09104],
			"rotation": {"angle": 22.5, "axis": "z", "origin": [8.37838, 12.45815, 9.55129]},
			"faces": {
				"north": {"uv": [8, 2, 9.75, 3.5], "texture": "#0"},
				"east": {"uv": [8, 2, 9.75, 3.5], "texture": "#0"},
				"south": {"uv": [8, 2, 9.75, 3.5], "texture": "#0"},
				"west": {"uv": [8, 2, 9.75, 3.5], "texture": "#0"},
				"up": {"uv": [8, 2, 9.75, 3.5], "texture": "#0"},
				"down": {"uv": [8, 2, 9.75, 3.5], "texture": "#0"}
			}
		},
		{
			"from": [6.60009, 21.19815, 11.41944],
			"to": [7.82369, 22.33815, 12.09104],
			"rotation": {"angle": -22.5, "axis": "z", "origin": [7.64889, 12.45815, 9.54]},
			"faces": {
				"north": {"uv": [8, 2, 9.75, 3.5], "texture": "#0"},
				"east": {"uv": [8, 2, 9.75, 3.5], "texture": "#0"},
				"south": {"uv": [8, 2, 9.75, 3.5], "texture": "#0"},
				"west": {"uv": [8, 2, 9.75, 3.5], "texture": "#0"},
				"up": {"uv": [8, 2, 9.75, 3.5], "texture": "#0"},
				"down": {"uv": [8, 2, 9.75, 3.5], "texture": "#0"}
			}
		},
		{
			"from": [4.76723, 16.13744, 11.50515],
			"to": [11.26003, 16.89744, 12.17675],
			"faces": {
				"north": {"uv": [4, 2, 11, 3], "texture": "#0"},
				"east": {"uv": [4, 2, 11, 3], "texture": "#0"},
				"south": {"uv": [4, 2, 11, 3], "texture": "#0"},
				"west": {"uv": [4, 2, 11, 3], "texture": "#0"},
				"up": {"uv": [4, 2, 11, 3], "texture": "#0"},
				"down": {"uv": [4, 2, 11, 3], "texture": "#0"}
			}
		},
		{
			"from": [3.8796, 22.04, 11.4834],
			"to": [4.5788, 22.42, 12.1978],
			"faces": {
				"north": {"uv": [3, 0, 4, 0.5], "texture": "#0"},
				"east": {"uv": [3, 0, 4, 0.5], "texture": "#0"},
				"south": {"uv": [3, 0, 4, 0.5], "texture": "#0"},
				"west": {"uv": [3, 0, 4, 0.5], "texture": "#0"},
				"up": {"uv": [3, 0, 4, 0.5], "texture": "#0"},
				"down": {"uv": [3, 0, 4, 0.5], "texture": "#0"}
			}
		},
		{
			"from": [11.4212, 22.04, 11.4834],
			"to": [12.1204, 22.42, 12.1978],
			"faces": {
				"north": {"uv": [3, 0, 4, 0.5], "texture": "#0"},
				"east": {"uv": [3, 0, 4, 0.5], "texture": "#0"},
				"south": {"uv": [3, 0, 4, 0.5], "texture": "#0"},
				"west": {"uv": [3, 0, 4, 0.5], "texture": "#0"},
				"up": {"uv": [3, 0, 4, 0.5], "texture": "#0"},
				"down": {"uv": [3, 0, 4, 0.5], "texture": "#0"}
			}
		}
	],
	"display": {
		"thirdperson_righthand": {
			"rotation": [75, 45, 0],
			"translation": [0, 2.5, 0],
			"scale": [0.375, 0.375, 0.375]
		},
		"thirdperson_lefthand": {
			"rotation": [75, 45, 0],
			"translation": [0, 2.5, 0],
			"scale": [0.375, 0.375, 0.375]
		},
		"firstperson_righthand": {
			"rotation": [0, 19, 0],
			"scale": [0.4, 0.4, 0.4]
		},
		"firstperson_lefthand": {
			"rotation": [0, 12, 0],
			"scale": [0.4, 0.4, 0.4]
		},
		"ground": {
			"translation": [0, 0.25, 0],
			"scale": [0.5, 0.5, 0.5]
		},
		"gui": {
			"rotation": [30, 225, 0],
			"scale": [0.45, 0.45, 0.45]
		},
		"head": {
			"translation": [0, 13.75, 0],
			"scale": [0.8, 0.8, 0.8]
		},
		"fixed": {
			"rotation": [-90, 0, 0],
			"translation": [0, 0, -15],
			"scale": [2, 2, 2]
		}
	},
	"groups": [
		{
			"name": "Barstool",
			"children": [
				{
					"name": "Cushion",
					"children": []
				},
				{
					"name": "Legs",
					"children": [0, 1, 2, 3, 4, 5, 6, 7, 8, 9, 10, 11,
						{
							"name": "support",
							"children": [12, 13, 14, 15]
						},
						{
							"name": "support2",
							"children": [16, 17, 18, 19]
						}, 20, 21, 22, 23]
				}
			]
		},
		{
			"name": "chair3oak",
			"children": [
				{
					"name": "chair",
					"children": []
				},
				{
					"name": "chair1spruce",
					"children": [
						{
							"name": "chair",
							"children": [24, 25, 26, 27, 28, 29, 30, 31, 32]
						}
					]
				},
				{
					"name": "chair3oak",
					"children": [
						{
							"name": "chair",
							"children": [33, 34, 35, 36, 37, 38, 39, 40, 41]
						}
					]
				}
			]
		}
	]
}