{
	"credit": "Made with Blockbench",
	"parent": "./cit_item",
	"textures": {
		"0": "block/MizunoArchive/birch_planks"
	},
	"elements": [
		{
			"from": [2.5, 0, 1.5],
			"to": [5.5, 2, 6.5],
			"rotation": {"angle": 0, "axis": "y", "origin": [9.5, 8, 5]},
			"faces": {
				"north": {"uv": [4, 0, 8, 3], "texture": "#0"},
				"east": {"uv": [4, 0, 11, 3], "texture": "#0"},
				"south": {"uv": [4, 0, 8, 3], "texture": "#0"},
				"west": {"uv": [4, 0, 11, 3], "texture": "#0"},
				"up": {"uv": [4, 0, 8, 3], "texture": "#0"},
				"down": {"uv": [1, 12, 6, 15], "texture": "#0"}
			}
		},
		{
			"from": [1.5, 0, 2.5],
			"to": [6.5, 2, 5.5],
			"rotation": {"angle": 0, "axis": "y", "origin": [4, 1.75, 4]},
			"faces": {
				"north": {"uv": [4, 0, 11, 3], "texture": "#0"},
				"east": {"uv": [4, 0, 8, 3], "texture": "#0"},
				"south": {"uv": [4, 0, 11, 3], "texture": "#0"},
				"west": {"uv": [4, 0, 8, 3], "texture": "#0"},
				"up": {"uv": [4, 0, 8, 3], "texture": "#0"},
				"down": {"uv": [1, 12, 6, 15], "rotation": 90, "texture": "#0"}
			}
		},
		{
			"from": [2.5, 2, 2],
			"to": [5.5, 3, 6],
			"rotation": {"angle": 0, "axis": "y", "origin": [9.5, 8, 5]},
			"faces": {
				"north": {"uv": [5, 0, 10, 2], "texture": "#0"},
				"east": {"uv": [5, 0, 10, 2], "texture": "#0"},
				"south": {"uv": [5, 0, 10, 2], "texture": "#0"},
				"west": {"uv": [5, 0, 10, 2], "texture": "#0"},
				"up": {"uv": [5, 0, 10, 2], "texture": "#0"},
				"down": {"uv": [5, 0, 10, 2], "texture": "#0"}
			}
		},
		{
			"from": [2, 2, 2.5],
			"to": [6, 3, 5.5],
			"rotation": {"angle": 0, "axis": "y", "origin": [4, 1.75, 4]},
			"faces": {
				"north": {"uv": [5, 0, 10, 2], "texture": "#0"},
				"east": {"uv": [5, 0, 10, 2], "texture": "#0"},
				"south": {"uv": [5, 0, 10, 2], "texture": "#0"},
				"west": {"uv": [5, 0, 10, 2], "texture": "#0"},
				"up": {"uv": [5, 0, 10, 2], "texture": "#0"},
				"down": {"uv": [5, 0, 10, 2], "texture": "#0"}
			}
		},
		{
			"from": [3, 3, 3],
			"to": [5, 11, 5],
			"rotation": {"angle": 0, "axis": "y", "origin": [9.5, 8, 5]},
			"faces": {
				"north": {"uv": [0, 12, 16, 15], "rotation": 90, "texture": "#0"},
				"east": {"uv": [0, 12, 16, 15], "rotation": 90, "texture": "#0"},
				"south": {"uv": [0, 12, 16, 15], "rotation": 90, "texture": "#0"},
				"west": {"uv": [0, 12, 16, 15], "rotation": 90, "texture": "#0"},
				"up": {"uv": [0, 12, 16, 15], "rotation": 90, "texture": "#0"},
				"down": {"uv": [0, 12, 16, 15], "rotation": 90, "texture": "#0"}
			}
		},
		{
			"from": [2.975, 5, 2.5],
			"to": [5.0375, 9, 5.5],
			"rotation": {"angle": 0, "axis": "y", "origin": [9.5, 8, 5]},
			"faces": {
				"north": {"uv": [3, 0, 8, 3], "texture": "#0"},
				"east": {"uv": [3, 0, 8, 3], "texture": "#0"},
				"south": {"uv": [3, 0, 8, 3], "texture": "#0"},
				"west": {"uv": [3, 0, 8, 3], "texture": "#0"},
				"up": {"uv": [3, 0, 8, 3], "texture": "#0"},
				"down": {"uv": [3, 0, 8, 3], "texture": "#0"}
			}
		},
		{
			"from": [2.50625, 5, 2.96875],
			"to": [5.50625, 9, 5.03125],
			"rotation": {"angle": 0, "axis": "y", "origin": [4.00625, 7, 4]},
			"faces": {
				"north": {"uv": [3, 0, 8, 3], "texture": "#0"},
				"east": {"uv": [3, 0, 8, 3], "texture": "#0"},
				"south": {"uv": [3, 0, 8, 3], "texture": "#0"},
				"west": {"uv": [3, 0, 8, 3], "texture": "#0"},
				"up": {"uv": [3, 0, 8, 3], "texture": "#0"},
				"down": {"uv": [3, 0, 8, 3], "texture": "#0"}
			}
		},
		{
			"from": [2.5, 11, 2.5],
			"to": [5.5, 15.5, 5.5],
			"rotation": {"angle": 0, "axis": "y", "origin": [9.5, 8, 5]},
			"faces": {
				"north": {"uv": [0, 0, 5, 3], "texture": "#0"},
				"east": {"uv": [0, 0, 5, 3], "texture": "#0"},
				"south": {"uv": [0, 0, 5, 3], "texture": "#0"},
				"west": {"uv": [0, 0, 5, 3], "texture": "#0"},
				"up": {"uv": [0, 0, 3, 3], "texture": "#0"},
				"down": {"uv": [0, 0, 3, 3], "texture": "#0"}
			}
		}
	]
}