{
	"credit": "Made with Blockbench",
	"textures": {
		"0": "block/purplemandala",
		"1": "block/purplemandalatrans",
		"particle": "block/purplemandala"
	},
	"elements": [
		{
			"name": "octagon",
			"from": [4.88511, 0.78, 0.48],
			"to": [11.11489, 5.31, 15.52],
			"rotation": {"angle": 22.5, "axis": "y", "origin": [8, 1.25, 8]},
			"faces": {
				"north": {"uv": [6, 4, 10, 8], "texture": "#0"},
				"east": {"uv": [0, 0, 3, 3], "texture": "#0"},
				"south": {"uv": [6, 4, 10, 8], "texture": "#0"},
				"west": {"uv": [0, 0, 3, 3], "texture": "#0"},
				"up": {"uv": [0, 0, 2.979, 6.79], "texture": "#0"},
				"down": {"uv": [0, 0, 2.979, 6.79], "texture": "#0"}
			}
		},
		{
			"name": "octagon",
			"from": [4.88511, 0.78, 0.48],
			"to": [11.11489, 5.28, 15.52],
			"rotation": {"angle": -22.5, "axis": "y", "origin": [8, 1.25, 8]},
			"faces": {
				"north": {"uv": [6, 4, 10, 8], "texture": "#0"},
				"east": {"uv": [0, 0, 3, 3], "texture": "#0"},
				"south": {"uv": [6, 4, 10, 8], "texture": "#0"},
				"west": {"uv": [0, 0, 3, 3], "texture": "#0"},
				"up": {"uv": [0, 0, 2.979, 6.79], "texture": "#0"},
				"down": {"uv": [0, 0, 2.979, 6.79], "texture": "#0"}
			}
		},
		{
			"name": "octagon",
			"from": [0.48, 0.78, 4.88511],
			"to": [15.52, 5.29, 11.11489],
			"rotation": {"angle": 22.5, "axis": "y", "origin": [8, 1.25, 8]},
			"faces": {
				"north": {"uv": [0, 0, 3, 3], "texture": "#0"},
				"east": {"uv": [6, 4, 10, 8], "texture": "#0"},
				"south": {"uv": [0, 0, 3, 3], "texture": "#0"},
				"west": {"uv": [6, 4, 10, 8], "texture": "#0"},
				"up": {"uv": [0, 0, 2.979, 6.79], "texture": "#0"},
				"down": {"uv": [0, 0, 2.979, 6.79], "texture": "#0"}
			}
		},
		{
			"name": "octagon",
			"from": [0.48, 0.78, 4.88511],
			"to": [15.52, 5.3, 11.11489],
			"rotation": {"angle": -22.5, "axis": "y", "origin": [8, 1.25, 8]},
			"faces": {
				"north": {"uv": [0, 0, 3, 3], "texture": "#0"},
				"east": {"uv": [6, 4, 10, 8], "texture": "#0"},
				"south": {"uv": [0, 0, 3, 3], "texture": "#0"},
				"west": {"uv": [6, 4, 10, 8], "texture": "#0"},
				"up": {"uv": [0, 0, 2.979, 6.79], "texture": "#0"},
				"down": {"uv": [0, 0, 2.979, 6.79], "texture": "#0"}
			}
		},
		{
			"from": [0, 6.1, 0],
			"to": [16, 6.1, 16],
			"rotation": {"angle": 0, "axis": "y", "origin": [8, 13.1, 8]},
			"faces": {
				"north": {"uv": [0, 0, 16, 0], "texture": "#1"},
				"east": {"uv": [0, 0, 16, 0], "texture": "#1"},
				"south": {"uv": [0, 0, 16, 0], "texture": "#1"},
				"west": {"uv": [0, 0, 16, 0], "texture": "#1"},
				"up": {"uv": [1, 1, 15, 15], "texture": "#1"},
				"down": {"uv": [0, 0, 16, 16], "texture": "#1"}
			}
		},
		{
			"name": "octagon",
			"from": [5.1343, 0.03, 1.0816],
			"to": [10.8657, 6.06, 14.9184],
			"rotation": {"angle": 22.5, "axis": "y", "origin": [8, 1.75, 8]},
			"faces": {
				"north": {"uv": [6, 4, 10, 8], "rotation": 90, "texture": "#0"},
				"east": {"uv": [0, 0, 3, 3], "texture": "#0"},
				"south": {"uv": [6, 4, 10, 8], "rotation": 90, "texture": "#0"},
				"west": {"uv": [0, 0, 3, 3], "texture": "#0"},
				"up": {"uv": [0, 0, 6.5, 3], "rotation": 90, "texture": "#0"},
				"down": {"uv": [0, 0, 6.5, 3], "rotation": 90, "texture": "#0"}
			}
		},
		{
			"name": "octagon",
			"from": [5.1343, 0.03, 1.0816],
			"to": [10.8657, 6.03, 14.9184],
			"rotation": {"angle": -22.5, "axis": "y", "origin": [8, 1.75, 8]},
			"faces": {
				"north": {"uv": [6, 4, 10, 8], "rotation": 90, "texture": "#0"},
				"east": {"uv": [0, 0, 3, 3], "texture": "#0"},
				"south": {"uv": [6, 4, 10, 8], "rotation": 90, "texture": "#0"},
				"west": {"uv": [0, 0, 3, 3], "texture": "#0"},
				"up": {"uv": [0, 0, 6.5, 3], "rotation": 270, "texture": "#0"},
				"down": {"uv": [0, 0, 6.5, 3], "rotation": 90, "texture": "#0"}
			}
		},
		{
			"name": "octagon",
			"from": [1.0816, 0.03, 5.1343],
			"to": [14.9184, 6.04, 10.8657],
			"rotation": {"angle": 22.5, "axis": "y", "origin": [8, 1.75, 8]},
			"faces": {
				"north": {"uv": [0, 0, 3, 3], "texture": "#0"},
				"east": {"uv": [6, 4, 10, 8], "rotation": 90, "texture": "#0"},
				"south": {"uv": [0, 0, 3, 3], "texture": "#0"},
				"west": {"uv": [6, 4, 10, 8], "rotation": 90, "texture": "#0"},
				"up": {"uv": [0, 0, 6.5, 3], "texture": "#0"},
				"down": {"uv": [0, 0, 6.5, 3], "texture": "#0"}
			}
		},
		{
			"name": "octagon",
			"from": [1.0816, 0.03, 5.1343],
			"to": [14.9184, 6.05, 10.8657],
			"rotation": {"angle": -22.5, "axis": "y", "origin": [8, 1.75, 8]},
			"faces": {
				"north": {"uv": [0, 0, 3, 3], "texture": "#0"},
				"east": {"uv": [6, 4, 10, 8], "rotation": 90, "texture": "#0"},
				"south": {"uv": [0, 0, 3, 3], "texture": "#0"},
				"west": {"uv": [6, 4, 10, 8], "rotation": 90, "texture": "#0"},
				"up": {"uv": [0, 0, 6.5, 3], "texture": "#0"},
				"down": {"uv": [0, 0, 6.5, 3], "texture": "#0"}
			}
		}
	],
	"display": {
		"thirdperson_righthand": {
			"rotation": [75, 45, 0],
			"translation": [0, 2.5, 1.5],
			"scale": [0.375, 0.375, 0.375]
		},
		"thirdperson_lefthand": {
			"rotation": [75, 45, 0],
			"translation": [0, 2.5, 1.5],
			"scale": [0.375, 0.375, 0.375]
		},
		"firstperson_righthand": {
			"rotation": [0, 0, 10.75],
			"translation": [3.25, 2.5, 0],
			"scale": [0.42969, 0.42969, 0.42969]
		},
		"firstperson_lefthand": {
			"rotation": [0, 0, 10.75],
			"translation": [3.25, 2.5, 0],
			"scale": [0.42969, 0.42969, 0.42969]
		},
		"ground": {
			"translation": [0, 1.75, 0],
			"scale": [0.7, 0.7, 0.7]
		},
		"gui": {
			"rotation": [30, 225, 0],
			"translation": [0, 3, 0],
			"scale": [0.8, 0.8, 0.8]
		},
		"head": {
			"translation": [0, 15.25, 0]
		},
		"fixed": {
			"rotation": [-90, 0, 0],
			"translation": [0, 0, -15],
			"scale": [2, 2, 2]
		}
	},
	"groups": [
		{
			"name": "octagon",
			"origin": [8, 8, 8],
			"children": [0, 1, 2, 3]
		}, 4,
		{
			"name": "octagon",
			"origin": [8, 8, 8],
			"children": [5, 6, 7, 8]
		}
	]
}