{
	"credit": "Made with Blockbench",
	"textures": {
		"0": "block/MizunoArchive/stripped_acacia_log",
		"1": "block/MizunoArchive/acacia_planks_verticle",
		"particle": "block/MizunoArchive/stripped_acacia_log"
	},
	"elements": [
		{
			"from": [-1, -16, -9],
			"to": [1, 0, -7],
			"faces": {
				"north": {"uv": [0, 0, 2, 16], "texture": "#0"},
				"east": {"uv": [0, 0, 2, 16], "texture": "#0"},
				"south": {"uv": [0, 0, 2, 16], "texture": "#0"},
				"west": {"uv": [0, 0, 2, 16], "texture": "#0"},
				"up": {"uv": [0, 0, 2, 2], "texture": "#0"},
				"down": {"uv": [0, 0, 2, 2], "texture": "#0"}
			}
		},
		{
			"from": [-1, 0, -9],
			"to": [1, 16, -7],
			"faces": {
				"north": {"uv": [0, 0, 2, 16], "texture": "#0"},
				"east": {"uv": [0, 0, 2, 16], "texture": "#0"},
				"south": {"uv": [0, 0, 2, 16], "texture": "#0"},
				"west": {"uv": [0, 0, 2, 16], "texture": "#0"},
				"up": {"uv": [0, 0, 2, 2], "texture": "#0"},
				"down": {"uv": [0, 0, 2, 2], "texture": "#0"}
			}
		},
		{
			"from": [-1, 16, -9],
			"to": [1, 30, -7],
			"faces": {
				"north": {"uv": [0, 0, 2, 14], "texture": "#0"},
				"east": {"uv": [0, 0, 2, 14], "texture": "#0"},
				"south": {"uv": [0, 0, 2, 14], "texture": "#0"},
				"west": {"uv": [0, 0, 2, 14], "texture": "#0"},
				"up": {"uv": [0, 0, 2, 2], "texture": "#0"},
				"down": {"uv": [0, 0, 2, 2], "texture": "#0"}
			}
		},
		{
			"from": [-0.75, 18, -8.75],
			"to": [0.75, 31.25, -7.25],
			"faces": {
				"north": {"uv": [0, 0, 1.5, 13.25], "texture": "#0"},
				"east": {"uv": [0, 0, 1.5, 13.25], "texture": "#0"},
				"south": {"uv": [0, 0, 1.5, 13.25], "texture": "#0"},
				"west": {"uv": [0, 0, 1.5, 13.25], "texture": "#0"},
				"up": {"uv": [0, 0, 1.5, 1.5], "texture": "#0"},
				"down": {"uv": [0, 0, 1.5, 1.5], "texture": "#0"}
			}
		},
		{
			"from": [-1, -16, 23],
			"to": [1, 0, 25],
			"faces": {
				"north": {"uv": [0, 0, 2, 16], "texture": "#0"},
				"east": {"uv": [0, 0, 2, 16], "texture": "#0"},
				"south": {"uv": [0, 0, 2, 16], "texture": "#0"},
				"west": {"uv": [0, 0, 2, 16], "texture": "#0"},
				"up": {"uv": [0, 0, 2, 2], "texture": "#0"},
				"down": {"uv": [0, 0, 2, 2], "texture": "#0"}
			}
		},
		{
			"from": [-1, 0, 23],
			"to": [1, 16, 25],
			"faces": {
				"north": {"uv": [0, 0, 2, 16], "texture": "#0"},
				"east": {"uv": [0, 0, 2, 16], "texture": "#0"},
				"south": {"uv": [0, 0, 2, 16], "texture": "#0"},
				"west": {"uv": [0, 0, 2, 16], "texture": "#0"},
				"up": {"uv": [0, 0, 2, 2], "texture": "#0"},
				"down": {"uv": [0, 0, 2, 2], "texture": "#0"}
			}
		},
		{
			"from": [-1, 16, 23],
			"to": [1, 30, 25],
			"faces": {
				"north": {"uv": [0, 0, 2, 14], "texture": "#0"},
				"east": {"uv": [0, 0, 2, 14], "texture": "#0"},
				"south": {"uv": [0, 0, 2, 14], "texture": "#0"},
				"west": {"uv": [0, 0, 2, 14], "texture": "#0"},
				"up": {"uv": [0, 0, 2, 2], "texture": "#0"},
				"down": {"uv": [0, 0, 2, 2], "texture": "#0"}
			}
		},
		{
			"from": [-0.75, 18, 23.25],
			"to": [0.75, 31.25, 24.75],
			"faces": {
				"north": {"uv": [0, 0, 1.5, 13.25], "texture": "#0"},
				"east": {"uv": [0, 0, 1.5, 13.25], "texture": "#0"},
				"south": {"uv": [0, 0, 1.5, 13.25], "texture": "#0"},
				"west": {"uv": [0, 0, 1.5, 13.25], "texture": "#0"},
				"up": {"uv": [0, 0, 1.5, 1.5], "texture": "#0"},
				"down": {"uv": [0, 0, 1.5, 1.5], "texture": "#0"}
			}
		},
		{
			"from": [15, -16, 23],
			"to": [17, 0, 25],
			"faces": {
				"north": {"uv": [0, 0, 2, 16], "texture": "#0"},
				"east": {"uv": [0, 0, 2, 16], "texture": "#0"},
				"south": {"uv": [0, 0, 2, 16], "texture": "#0"},
				"west": {"uv": [0, 0, 2, 16], "texture": "#0"},
				"up": {"uv": [0, 0, 2, 2], "texture": "#0"},
				"down": {"uv": [0, 0, 2, 2], "texture": "#0"}
			}
		},
		{
			"from": [15, 0, 23],
			"to": [17, 16, 25],
			"faces": {
				"north": {"uv": [0, 0, 2, 16], "texture": "#0"},
				"east": {"uv": [0, 0, 2, 16], "texture": "#0"},
				"south": {"uv": [0, 0, 2, 16], "texture": "#0"},
				"west": {"uv": [0, 0, 2, 16], "texture": "#0"},
				"up": {"uv": [0, 0, 2, 2], "texture": "#0"},
				"down": {"uv": [0, 0, 2, 2], "texture": "#0"}
			}
		},
		{
			"from": [15, 16, 23],
			"to": [17, 30, 25],
			"faces": {
				"north": {"uv": [0, 0, 2, 14], "texture": "#0"},
				"east": {"uv": [0, 0, 2, 14], "texture": "#0"},
				"south": {"uv": [0, 0, 2, 14], "texture": "#0"},
				"west": {"uv": [0, 0, 2, 14], "texture": "#0"},
				"up": {"uv": [0, 0, 2, 2], "texture": "#0"},
				"down": {"uv": [0, 0, 2, 2], "texture": "#0"}
			}
		},
		{
			"from": [15.25, 18, 23.25],
			"to": [16.75, 31.25, 24.75],
			"faces": {
				"north": {"uv": [0, 0, 1.5, 13.25], "texture": "#0"},
				"east": {"uv": [0, 0, 1.5, 13.25], "texture": "#0"},
				"south": {"uv": [0, 0, 1.5, 13.25], "texture": "#0"},
				"west": {"uv": [0, 0, 1.5, 13.25], "texture": "#0"},
				"up": {"uv": [0, 0, 1.5, 1.5], "texture": "#0"},
				"down": {"uv": [0, 0, 1.5, 1.5], "texture": "#0"}
			}
		},
		{
			"from": [15, -16, -9],
			"to": [17, 0, -7],
			"faces": {
				"north": {"uv": [0, 0, 2, 16], "texture": "#0"},
				"east": {"uv": [0, 0, 2, 16], "texture": "#0"},
				"south": {"uv": [0, 0, 2, 16], "texture": "#0"},
				"west": {"uv": [0, 0, 2, 16], "texture": "#0"},
				"up": {"uv": [0, 0, 2, 2], "texture": "#0"},
				"down": {"uv": [0, 0, 2, 2], "texture": "#0"}
			}
		},
		{
			"from": [15, 0, -9],
			"to": [17, 16, -7],
			"faces": {
				"north": {"uv": [0, 0, 2, 16], "texture": "#0"},
				"east": {"uv": [0, 0, 2, 16], "texture": "#0"},
				"south": {"uv": [0, 0, 2, 16], "texture": "#0"},
				"west": {"uv": [0, 0, 2, 16], "texture": "#0"},
				"up": {"uv": [0, 0, 2, 2], "texture": "#0"},
				"down": {"uv": [0, 0, 2, 2], "texture": "#0"}
			}
		},
		{
			"from": [15, 16, -9],
			"to": [17, 30, -7],
			"faces": {
				"north": {"uv": [0, 0, 2, 14], "texture": "#0"},
				"east": {"uv": [0, 0, 2, 14], "texture": "#0"},
				"south": {"uv": [0, 0, 2, 14], "texture": "#0"},
				"west": {"uv": [0, 0, 2, 14], "texture": "#0"},
				"up": {"uv": [0, 0, 2, 2], "texture": "#0"},
				"down": {"uv": [0, 0, 2, 2], "texture": "#0"}
			}
		},
		{
			"from": [15.25, 18, -8.75],
			"to": [16.75, 31.25, -7.25],
			"faces": {
				"north": {"uv": [0, 0, 1.5, 13.25], "texture": "#0"},
				"east": {"uv": [0, 0, 1.5, 13.25], "texture": "#0"},
				"south": {"uv": [0, 0, 1.5, 13.25], "texture": "#0"},
				"west": {"uv": [0, 0, 1.5, 13.25], "texture": "#0"},
				"up": {"uv": [0, 0, 1.5, 1.5], "texture": "#0"},
				"down": {"uv": [0, 0, 1.5, 1.5], "texture": "#0"}
			}
		},
		{
			"from": [-6.54325, -7.20923, -8.65435],
			"to": [-3.54325, -6.20923, -7.65435],
			"rotation": {"angle": 45, "axis": "z", "origin": [-5.54325, 2.79077, 0.34565]},
			"faces": {
				"north": {"uv": [3, 0, 6, 1], "texture": "#0"},
				"east": {"uv": [2, 0, 3, 1], "texture": "#0"},
				"south": {"uv": [3, 0, 6, 1], "texture": "#0"},
				"west": {"uv": [2, 0, 3, 1], "texture": "#0"},
				"up": {"uv": [2, 0, 3, 3], "rotation": 90, "texture": "#0"},
				"down": {"uv": [2, 0, 3, 3], "rotation": 270, "texture": "#0"}
			}
		},
		{
			"from": [-1.29191, -3.4522, -8.65174],
			"to": [1.70809, -2.4522, -7.65174],
			"rotation": {"angle": 22.5, "axis": "z", "origin": [-0.29191, 6.5478, 0.34826]},
			"faces": {
				"north": {"uv": [3, 0, 6, 1], "texture": "#0"},
				"east": {"uv": [2, 0, 3, 1], "texture": "#0"},
				"south": {"uv": [3, 0, 6, 1], "texture": "#0"},
				"west": {"uv": [2, 0, 3, 1], "texture": "#0"},
				"up": {"uv": [2, 0, 3, 3], "rotation": 90, "texture": "#0"},
				"down": {"uv": [2, 0, 3, 3], "rotation": 270, "texture": "#0"}
			}
		},
		{
			"from": [5, -2, -8.65],
			"to": [11, -1, -7.65],
			"faces": {
				"north": {"uv": [6, 0, 12, 1], "texture": "#0"},
				"east": {"uv": [2, 0, 3, 1], "texture": "#0"},
				"south": {"uv": [6, 0, 12, 1], "texture": "#0"},
				"west": {"uv": [2, 0, 3, 1], "texture": "#0"},
				"up": {"uv": [2, 0, 3, 6], "rotation": 90, "texture": "#0"},
				"down": {"uv": [2, 0, 3, 6], "rotation": 270, "texture": "#0"}
			}
		},
		{
			"from": [14.29191, -3.4487, -8.64826],
			"to": [17.29191, -2.4487, -7.64826],
			"rotation": {"angle": -22.5, "axis": "z", "origin": [16.29191, 6.5513, 0.35174]},
			"faces": {
				"north": {"uv": [6, 0, 9, 1], "texture": "#0"},
				"east": {"uv": [3, 0, 4, 1], "texture": "#0"},
				"south": {"uv": [6, 0, 9, 1], "texture": "#0"},
				"west": {"uv": [3, 0, 4, 1], "texture": "#0"},
				"up": {"uv": [2, 3, 3, 6], "rotation": 90, "texture": "#0"},
				"down": {"uv": [2, 3, 3, 6], "rotation": 270, "texture": "#0"}
			}
		},
		{
			"from": [19.54333, -7.20574, -8.65087],
			"to": [22.54333, -6.20574, -7.65087],
			"rotation": {"angle": -45, "axis": "z", "origin": [21.54333, 2.79426, 0.34913]},
			"faces": {
				"north": {"uv": [6, 0, 9, 1], "texture": "#0"},
				"east": {"uv": [3, 0, 4, 1], "texture": "#0"},
				"south": {"uv": [6, 0, 9, 1], "texture": "#0"},
				"west": {"uv": [3, 0, 4, 1], "texture": "#0"},
				"up": {"uv": [2, 3, 3, 6], "rotation": 90, "texture": "#0"},
				"down": {"uv": [2, 3, 3, 6], "rotation": 270, "texture": "#0"}
			}
		},
		{
			"from": [1, -7, -8.25],
			"to": [15, -3.5, -7.75],
			"faces": {
				"north": {"uv": [1, 3, 15, 6.5], "texture": "#1"},
				"east": {"uv": [1, 3, 15, 6.5], "texture": "#1"},
				"south": {"uv": [1, 3, 15, 6.5], "texture": "#1"},
				"west": {"uv": [1, 3, 15, 6.5], "texture": "#1"},
				"up": {"uv": [1, 3, 15, 6.5], "texture": "#1"},
				"down": {"uv": [1, 3, 15, 6.5], "texture": "#1"}
			}
		},
		{
			"from": [1, -8, -8.65],
			"to": [15, -7, -7.65],
			"faces": {
				"north": {"uv": [2, 0, 16, 1], "texture": "#0"},
				"east": {"uv": [2, 0, 3, 1], "texture": "#0"},
				"south": {"uv": [2, 0, 16, 1], "texture": "#0"},
				"west": {"uv": [2, 0, 3, 1], "texture": "#0"},
				"up": {"uv": [2, 0, 3, 14], "rotation": 90, "texture": "#0"},
				"down": {"uv": [2, 0, 3, 14], "rotation": 270, "texture": "#0"}
			}
		},
		{
			"from": [1, -10, -8.65],
			"to": [15, -9, -7.65],
			"faces": {
				"north": {"uv": [2, 0, 16, 1], "texture": "#0"},
				"east": {"uv": [2, 0, 3, 1], "texture": "#0"},
				"south": {"uv": [2, 0, 16, 1], "texture": "#0"},
				"west": {"uv": [2, 0, 3, 1], "texture": "#0"},
				"up": {"uv": [2, 0, 3, 14], "rotation": 90, "texture": "#0"},
				"down": {"uv": [2, 0, 3, 14], "rotation": 270, "texture": "#0"}
			}
		},
		{
			"from": [1, -16, -8.25],
			"to": [15, -10, -7.75],
			"faces": {
				"north": {"uv": [1, 8, 15, 15], "texture": "#1"},
				"east": {"uv": [1, 0, 1.5, 6], "texture": "#1"},
				"south": {"uv": [2, 0, 16, 6], "texture": "#1"},
				"west": {"uv": [1, 0, 1.5, 6], "texture": "#1"},
				"up": {"uv": [1, 0, 1.5, 14], "rotation": 90, "texture": "#1"},
				"down": {"uv": [1, 0, 1.5, 14], "rotation": 270, "texture": "#1"}
			}
		},
		{
			"from": [4, -2.5, -8.25],
			"to": [12, -1.5, -7.75],
			"faces": {
				"north": {"uv": [0, 1, 8, 2], "texture": "#1"},
				"east": {"uv": [0, 1, 8, 2], "texture": "#1"},
				"south": {"uv": [0, 1, 8, 2], "texture": "#1"},
				"west": {"uv": [0, 1, 8, 2], "texture": "#1"},
				"up": {"uv": [0, 1, 8, 2], "texture": "#1"},
				"down": {"uv": [0, 1, 8, 2], "texture": "#1"}
			}
		},
		{
			"from": [2, -3.5, -8.25],
			"to": [14, -2.5, -7.75],
			"faces": {
				"north": {"uv": [1, 2, 13, 3], "texture": "#1"},
				"east": {"uv": [1, 2, 13, 3], "texture": "#1"},
				"south": {"uv": [1, 2, 13, 3], "texture": "#1"},
				"west": {"uv": [1, 2, 13, 3], "texture": "#1"},
				"up": {"uv": [1, 2, 13, 3], "texture": "#1"},
				"down": {"uv": [1, 2, 13, 3], "texture": "#1"}
			}
		},
		{
			"from": [-6.54325, -7.20923, 23.65435],
			"to": [-3.54325, -6.20923, 24.65435],
			"rotation": {"angle": 45, "axis": "z", "origin": [-5.54325, 2.79077, 15.65435]},
			"faces": {
				"north": {"uv": [0, 0, 3, 1], "texture": "#0"},
				"east": {"uv": [1, 0, 2, 1], "texture": "#0"},
				"south": {"uv": [0, 0, 3, 1], "texture": "#0"},
				"west": {"uv": [1, 0, 2, 1], "texture": "#0"},
				"up": {"uv": [1, 0, 2, 3], "rotation": 90, "texture": "#0"},
				"down": {"uv": [1, 0, 2, 3], "rotation": 270, "texture": "#0"}
			}
		},
		{
			"from": [-1.29191, -3.4522, 23.65174],
			"to": [1.70809, -2.4522, 24.65174],
			"rotation": {"angle": 22.5, "axis": "z", "origin": [-0.29191, 6.5478, 15.65174]},
			"faces": {
				"north": {"uv": [0, 0, 3, 1], "texture": "#0"},
				"east": {"uv": [1, 0, 2, 1], "texture": "#0"},
				"south": {"uv": [0, 0, 3, 1], "texture": "#0"},
				"west": {"uv": [1, 0, 2, 1], "texture": "#0"},
				"up": {"uv": [1, 0, 2, 3], "rotation": 90, "texture": "#0"},
				"down": {"uv": [1, 0, 2, 3], "rotation": 270, "texture": "#0"}
			}
		},
		{
			"from": [5, -2, 23.65],
			"to": [11, -1, 24.65],
			"faces": {
				"north": {"uv": [0, 0, 6, 1], "texture": "#0"},
				"east": {"uv": [1, 0, 2, 1], "texture": "#0"},
				"south": {"uv": [0, 0, 6, 1], "texture": "#0"},
				"west": {"uv": [1, 0, 2, 1], "texture": "#0"},
				"up": {"uv": [1, 0, 2, 6], "rotation": 90, "texture": "#0"},
				"down": {"uv": [1, 0, 2, 6], "rotation": 270, "texture": "#0"}
			}
		},
		{
			"from": [14.29191, -3.4487, 23.64826],
			"to": [17.29191, -2.4487, 24.64826],
			"rotation": {"angle": -22.5, "axis": "z", "origin": [16.29191, 6.5513, 15.64826]},
			"faces": {
				"north": {"uv": [3, 0, 6, 1], "texture": "#0"},
				"east": {"uv": [2, 0, 3, 1], "texture": "#0"},
				"south": {"uv": [3, 0, 6, 1], "texture": "#0"},
				"west": {"uv": [2, 0, 3, 1], "texture": "#0"},
				"up": {"uv": [1, 3, 2, 6], "rotation": 90, "texture": "#0"},
				"down": {"uv": [1, 3, 2, 6], "rotation": 270, "texture": "#0"}
			}
		},
		{
			"from": [19.54333, -7.20574, 23.65087],
			"to": [22.54333, -6.20574, 24.65087],
			"rotation": {"angle": -45, "axis": "z", "origin": [21.54333, 2.79426, 15.65087]},
			"faces": {
				"north": {"uv": [3, 0, 6, 1], "texture": "#0"},
				"east": {"uv": [2, 0, 3, 1], "texture": "#0"},
				"south": {"uv": [3, 0, 6, 1], "texture": "#0"},
				"west": {"uv": [2, 0, 3, 1], "texture": "#0"},
				"up": {"uv": [1, 3, 2, 6], "rotation": 90, "texture": "#0"},
				"down": {"uv": [1, 3, 2, 6], "rotation": 270, "texture": "#0"}
			}
		},
		{
			"from": [1, -7, 23.75],
			"to": [15, -3.5, 24.25],
			"faces": {
				"north": {"uv": [1, 3, 15, 6.5], "texture": "#1"},
				"east": {"uv": [1, 3, 15, 6.5], "texture": "#1"},
				"south": {"uv": [1, 3, 15, 6.5], "texture": "#1"},
				"west": {"uv": [1, 3, 15, 6.5], "texture": "#1"},
				"up": {"uv": [1, 3, 15, 6.5], "texture": "#1"},
				"down": {"uv": [1, 3, 15, 6.5], "texture": "#1"}
			}
		},
		{
			"from": [1, -8, 23.65],
			"to": [15, -7, 24.65],
			"faces": {
				"north": {"uv": [0, 0, 14, 1], "texture": "#0"},
				"east": {"uv": [1, 0, 2, 1], "texture": "#0"},
				"south": {"uv": [0, 0, 14, 1], "texture": "#0"},
				"west": {"uv": [1, 0, 2, 1], "texture": "#0"},
				"up": {"uv": [1, 0, 2, 14], "rotation": 90, "texture": "#0"},
				"down": {"uv": [1, 0, 2, 14], "rotation": 270, "texture": "#0"}
			}
		},
		{
			"from": [1, -10, 23.65],
			"to": [15, -9, 24.65],
			"faces": {
				"north": {"uv": [0, 0, 14, 1], "texture": "#0"},
				"east": {"uv": [1, 0, 2, 1], "texture": "#0"},
				"south": {"uv": [0, 0, 14, 1], "texture": "#0"},
				"west": {"uv": [1, 0, 2, 1], "texture": "#0"},
				"up": {"uv": [1, 0, 2, 14], "rotation": 90, "texture": "#0"},
				"down": {"uv": [1, 0, 2, 14], "rotation": 270, "texture": "#0"}
			}
		},
		{
			"from": [1, -16, 23.75],
			"to": [15, -10, 24.25],
			"faces": {
				"north": {"uv": [1, 8, 15, 15], "texture": "#1"},
				"east": {"uv": [0.5, 0, 1, 6], "texture": "#1"},
				"south": {"uv": [1, 8, 15, 15], "texture": "#1"},
				"west": {"uv": [0.5, 0, 1, 6], "texture": "#1"},
				"up": {"uv": [0.5, 0, 1, 14], "rotation": 90, "texture": "#1"},
				"down": {"uv": [0.5, 0, 1, 14], "rotation": 270, "texture": "#1"}
			}
		},
		{
			"from": [4, -2.5, 23.75],
			"to": [12, -1.5, 24.25],
			"faces": {
				"north": {"uv": [0, 1, 8, 2], "texture": "#1"},
				"east": {"uv": [0, 1, 8, 2], "texture": "#1"},
				"south": {"uv": [0, 1, 8, 2], "texture": "#1"},
				"west": {"uv": [0, 1, 8, 2], "texture": "#1"},
				"up": {"uv": [0, 1, 8, 2], "texture": "#1"},
				"down": {"uv": [0, 1, 8, 2], "texture": "#1"}
			}
		},
		{
			"from": [2, -3.5, 23.75],
			"to": [14, -2.5, 24.25],
			"faces": {
				"north": {"uv": [1, 2, 13, 3], "texture": "#1"},
				"east": {"uv": [1, 2, 13, 3], "texture": "#1"},
				"south": {"uv": [1, 2, 13, 3], "texture": "#1"},
				"west": {"uv": [1, 2, 13, 3], "texture": "#1"},
				"up": {"uv": [1, 2, 13, 3], "texture": "#1"},
				"down": {"uv": [1, 2, 13, 3], "texture": "#1"}
			}
		},
		{
			"from": [16, -10, -7],
			"to": [17, -9, 23],
			"faces": {
				"north": {"uv": [1, 0, 2, 1], "texture": "#0"},
				"east": {"uv": [0, 0, 16, 1], "texture": "#0"},
				"south": {"uv": [1, 0, 2, 1], "texture": "#0"},
				"west": {"uv": [0, 0, 16, 1], "texture": "#0"},
				"up": {"uv": [1, 0, 2, 16], "texture": "#0"},
				"down": {"uv": [1, 0, 2, 16], "texture": "#0"}
			}
		},
		{
			"from": [16, -16, -7],
			"to": [16.5, -10, 23],
			"faces": {
				"north": {"uv": [0.5, 0, 1, 6], "texture": "#1"},
				"east": {"uv": [0, 0, 16, 7], "texture": "#1"},
				"south": {"uv": [0.5, 0, 1, 6], "texture": "#1"},
				"west": {"uv": [0, 0, 16, 6], "texture": "#1"},
				"up": {"uv": [0.5, 0, 1, 16], "texture": "#1"},
				"down": {"uv": [0.5, 0, 1, 16], "texture": "#1"}
			}
		},
		{
			"from": [16, -7, -7],
			"to": [17, -6, 23],
			"faces": {
				"north": {"uv": [1, 0, 2, 1], "texture": "#0"},
				"east": {"uv": [0, 0, 16, 1], "texture": "#0"},
				"south": {"uv": [1, 0, 2, 1], "texture": "#0"},
				"west": {"uv": [0, 0, 16, 1], "texture": "#0"},
				"up": {"uv": [1, 0, 2, 16], "texture": "#0"},
				"down": {"uv": [1, 0, 2, 16], "texture": "#0"}
			}
		},
		{
			"from": [16, -9, -4.5],
			"to": [16.75, -7, -3.5],
			"faces": {
				"north": {"uv": [0.75, 0, 0, 2], "texture": "#0"},
				"east": {"uv": [1, 0, 0, 2], "texture": "#0"},
				"south": {"uv": [0.75, 0, 0, 2], "texture": "#0"},
				"west": {"uv": [1, 0, 0, 2], "texture": "#0"},
				"up": {"uv": [0.75, 0, 0, 1], "texture": "#0"},
				"down": {"uv": [0.75, 0, 0, 1], "texture": "#0"}
			}
		},
		{
			"from": [16, -9, 19.5],
			"to": [16.75, -7, 20.5],
			"faces": {
				"north": {"uv": [0.75, 0, 0, 2], "texture": "#0"},
				"east": {"uv": [1, 0, 0, 2], "texture": "#0"},
				"south": {"uv": [0.75, 0, 0, 2], "texture": "#0"},
				"west": {"uv": [1, 0, 0, 2], "texture": "#0"},
				"up": {"uv": [0.75, 0, 0, 1], "texture": "#0"},
				"down": {"uv": [0.75, 0, 0, 1], "texture": "#0"}
			}
		},
		{
			"from": [16, -9, 16.5],
			"to": [16.75, -7, 17.5],
			"faces": {
				"north": {"uv": [0.75, 0, 0, 2], "texture": "#0"},
				"east": {"uv": [1, 0, 0, 2], "texture": "#0"},
				"south": {"uv": [0.75, 0, 0, 2], "texture": "#0"},
				"west": {"uv": [1, 0, 0, 2], "texture": "#0"},
				"up": {"uv": [0.75, 0, 0, 1], "texture": "#0"},
				"down": {"uv": [0.75, 0, 0, 1], "texture": "#0"}
			}
		},
		{
			"from": [16, -9, -1.5],
			"to": [16.75, -7, -0.5],
			"faces": {
				"north": {"uv": [0.75, 0, 0, 2], "texture": "#0"},
				"east": {"uv": [1, 0, 0, 2], "texture": "#0"},
				"south": {"uv": [0.75, 0, 0, 2], "texture": "#0"},
				"west": {"uv": [1, 0, 0, 2], "texture": "#0"},
				"up": {"uv": [0.75, 0, 0, 1], "texture": "#0"},
				"down": {"uv": [0.75, 0, 0, 1], "texture": "#0"}
			}
		},
		{
			"from": [16, -9, 1.5],
			"to": [16.75, -7, 2.5],
			"faces": {
				"north": {"uv": [0.75, 0, 0, 2], "texture": "#0"},
				"east": {"uv": [1, 0, 0, 2], "texture": "#0"},
				"south": {"uv": [0.75, 0, 0, 2], "texture": "#0"},
				"west": {"uv": [1, 0, 0, 2], "texture": "#0"},
				"up": {"uv": [0.75, 0, 0, 1], "texture": "#0"},
				"down": {"uv": [0.75, 0, 0, 1], "texture": "#0"}
			}
		},
		{
			"from": [16, -9, 13.5],
			"to": [16.75, -7, 14.5],
			"faces": {
				"north": {"uv": [0.75, 0, 0, 2], "texture": "#0"},
				"east": {"uv": [1, 0, 0, 2], "texture": "#0"},
				"south": {"uv": [0.75, 0, 0, 2], "texture": "#0"},
				"west": {"uv": [1, 0, 0, 2], "texture": "#0"},
				"up": {"uv": [0.75, 0, 0, 1], "texture": "#0"},
				"down": {"uv": [0.75, 0, 0, 1], "texture": "#0"}
			}
		},
		{
			"from": [16, -9, 10.5],
			"to": [16.75, -7, 11.5],
			"faces": {
				"north": {"uv": [0.75, 0, 0, 2], "texture": "#0"},
				"east": {"uv": [1, 0, 0, 2], "texture": "#0"},
				"south": {"uv": [0.75, 0, 0, 2], "texture": "#0"},
				"west": {"uv": [1, 0, 0, 2], "texture": "#0"},
				"up": {"uv": [0.75, 0, 0, 1], "texture": "#0"},
				"down": {"uv": [0.75, 0, 0, 1], "texture": "#0"}
			}
		},
		{
			"from": [16, -9, 4.5],
			"to": [16.75, -7, 5.5],
			"faces": {
				"north": {"uv": [0.75, 0, 0, 2], "texture": "#0"},
				"east": {"uv": [1, 0, 0, 2], "texture": "#0"},
				"south": {"uv": [0.75, 0, 0, 2], "texture": "#0"},
				"west": {"uv": [1, 0, 0, 2], "texture": "#0"},
				"up": {"uv": [0.75, 0, 0, 1], "texture": "#0"},
				"down": {"uv": [0.75, 0, 0, 1], "texture": "#0"}
			}
		},
		{
			"from": [16, -9, 7.5],
			"to": [16.75, -7, 8.5],
			"faces": {
				"north": {"uv": [0.75, 0, 0, 2], "texture": "#0"},
				"east": {"uv": [1, 0, 0, 2], "texture": "#0"},
				"south": {"uv": [0.75, 0, 0, 2], "texture": "#0"},
				"west": {"uv": [1, 0, 0, 2], "texture": "#0"},
				"up": {"uv": [0.75, 0, 0, 1], "texture": "#0"},
				"down": {"uv": [0.75, 0, 0, 1], "texture": "#0"}
			}
		},
		{
			"from": [-1, -10, -7],
			"to": [0, -9, 23],
			"faces": {
				"north": {"uv": [0, 0, 1, 1], "texture": "#0"},
				"east": {"uv": [0, 0, 16, 1], "texture": "#0"},
				"south": {"uv": [0, 0, 1, 1], "texture": "#0"},
				"west": {"uv": [0, 0, 16, 1], "texture": "#0"},
				"up": {"uv": [0, 0, 1, 16], "texture": "#0"},
				"down": {"uv": [0, 0, 1, 16], "texture": "#0"}
			}
		},
		{
			"from": [-0.5, -16, -7],
			"to": [0, -10, 23],
			"faces": {
				"north": {"uv": [0, 0, 0.5, 6], "texture": "#1"},
				"east": {"uv": [0, 0, 16, 6], "texture": "#1"},
				"south": {"uv": [0, 0, 0.5, 6], "texture": "#1"},
				"west": {"uv": [0, 0, 16, 7], "texture": "#1"},
				"up": {"uv": [0, 0, 0.5, 16], "texture": "#1"},
				"down": {"uv": [0, 0, 0.5, 16], "texture": "#1"}
			}
		},
		{
			"from": [-1, -7, -7],
			"to": [0, -6, 23],
			"faces": {
				"north": {"uv": [0, 0, 1, 1], "texture": "#0"},
				"east": {"uv": [0, 0, 16, 1], "texture": "#0"},
				"south": {"uv": [0, 0, 1, 1], "texture": "#0"},
				"west": {"uv": [0, 0, 16, 1], "texture": "#0"},
				"up": {"uv": [0, 0, 1, 16], "texture": "#0"},
				"down": {"uv": [0, 0, 1, 16], "texture": "#0"}
			}
		},
		{
			"from": [-0.75, -9, -4.5],
			"to": [0, -7, -3.5],
			"faces": {
				"north": {"uv": [0, 0, 0.75, 2], "texture": "#0"},
				"east": {"uv": [0, 0, 1, 2], "texture": "#0"},
				"south": {"uv": [0, 0, 0.75, 2], "texture": "#0"},
				"west": {"uv": [0, 0, 1, 2], "texture": "#0"},
				"up": {"uv": [0, 0, 0.75, 1], "texture": "#0"},
				"down": {"uv": [0, 0, 0.75, 1], "texture": "#0"}
			}
		},
		{
			"from": [-0.75, -9, 19.5],
			"to": [0, -7, 20.5],
			"faces": {
				"north": {"uv": [0, 0, 0.75, 2], "texture": "#0"},
				"east": {"uv": [0, 0, 1, 2], "texture": "#0"},
				"south": {"uv": [0, 0, 0.75, 2], "texture": "#0"},
				"west": {"uv": [0, 0, 1, 2], "texture": "#0"},
				"up": {"uv": [0, 0, 0.75, 1], "texture": "#0"},
				"down": {"uv": [0, 0, 0.75, 1], "texture": "#0"}
			}
		},
		{
			"from": [-0.75, -9, 16.5],
			"to": [0, -7, 17.5],
			"faces": {
				"north": {"uv": [0, 0, 0.75, 2], "texture": "#0"},
				"east": {"uv": [0, 0, 1, 2], "texture": "#0"},
				"south": {"uv": [0, 0, 0.75, 2], "texture": "#0"},
				"west": {"uv": [0, 0, 1, 2], "texture": "#0"},
				"up": {"uv": [0, 0, 0.75, 1], "texture": "#0"},
				"down": {"uv": [0, 0, 0.75, 1], "texture": "#0"}
			}
		},
		{
			"from": [-0.75, -9, -1.5],
			"to": [0, -7, -0.5],
			"faces": {
				"north": {"uv": [0, 0, 0.75, 2], "texture": "#0"},
				"east": {"uv": [0, 0, 1, 2], "texture": "#0"},
				"south": {"uv": [0, 0, 0.75, 2], "texture": "#0"},
				"west": {"uv": [0, 0, 1, 2], "texture": "#0"},
				"up": {"uv": [0, 0, 0.75, 1], "texture": "#0"},
				"down": {"uv": [0, 0, 0.75, 1], "texture": "#0"}
			}
		},
		{
			"from": [-0.75, -9, 1.5],
			"to": [0, -7, 2.5],
			"faces": {
				"north": {"uv": [0, 0, 0.75, 2], "texture": "#0"},
				"east": {"uv": [0, 0, 1, 2], "texture": "#0"},
				"south": {"uv": [0, 0, 0.75, 2], "texture": "#0"},
				"west": {"uv": [0, 0, 1, 2], "texture": "#0"},
				"up": {"uv": [0, 0, 0.75, 1], "texture": "#0"},
				"down": {"uv": [0, 0, 0.75, 1], "texture": "#0"}
			}
		},
		{
			"from": [-0.75, -9, 13.5],
			"to": [0, -7, 14.5],
			"faces": {
				"north": {"uv": [0, 0, 0.75, 2], "texture": "#0"},
				"east": {"uv": [0, 0, 1, 2], "texture": "#0"},
				"south": {"uv": [0, 0, 0.75, 2], "texture": "#0"},
				"west": {"uv": [0, 0, 1, 2], "texture": "#0"},
				"up": {"uv": [0, 0, 0.75, 1], "texture": "#0"},
				"down": {"uv": [0, 0, 0.75, 1], "texture": "#0"}
			}
		},
		{
			"from": [-0.75, -9, 10.5],
			"to": [0, -7, 11.5],
			"faces": {
				"north": {"uv": [0, 0, 0.75, 2], "texture": "#0"},
				"east": {"uv": [0, 0, 1, 2], "texture": "#0"},
				"south": {"uv": [0, 0, 0.75, 2], "texture": "#0"},
				"west": {"uv": [0, 0, 1, 2], "texture": "#0"},
				"up": {"uv": [0, 0, 0.75, 1], "texture": "#0"},
				"down": {"uv": [0, 0, 0.75, 1], "texture": "#0"}
			}
		},
		{
			"from": [-0.75, -9, 4.5],
			"to": [0, -7, 5.5],
			"faces": {
				"north": {"uv": [0, 0, 0.75, 2], "texture": "#0"},
				"east": {"uv": [0, 0, 1, 2], "texture": "#0"},
				"south": {"uv": [0, 0, 0.75, 2], "texture": "#0"},
				"west": {"uv": [0, 0, 1, 2], "texture": "#0"},
				"up": {"uv": [0, 0, 0.75, 1], "texture": "#0"},
				"down": {"uv": [0, 0, 0.75, 1], "texture": "#0"}
			}
		},
		{
			"from": [-0.75, -9, 7.5],
			"to": [0, -7, 8.5],
			"faces": {
				"north": {"uv": [0, 0, 0.75, 2], "texture": "#0"},
				"east": {"uv": [0, 0, 1, 2], "texture": "#0"},
				"south": {"uv": [0, 0, 0.75, 2], "texture": "#0"},
				"west": {"uv": [0, 0, 1, 2], "texture": "#0"},
				"up": {"uv": [0, 0, 0.75, 1], "texture": "#0"},
				"down": {"uv": [0, 0, 0.75, 1], "texture": "#0"}
			}
		},
		{
			"from": [-6.54325, 24.79077, -8.65435],
			"to": [-3.54325, 25.79077, -7.65435],
			"rotation": {"angle": 45, "axis": "z", "origin": [-5.54325, 34.79077, 0.34565]},
			"faces": {
				"north": {"uv": [3, 0, 6, 1], "texture": "#0"},
				"east": {"uv": [2, 0, 3, 1], "texture": "#0"},
				"south": {"uv": [3, 0, 6, 1], "texture": "#0"},
				"west": {"uv": [2, 0, 3, 1], "texture": "#0"},
				"up": {"uv": [2, 0, 3, 3], "rotation": 90, "texture": "#0"},
				"down": {"uv": [2, 0, 3, 3], "rotation": 270, "texture": "#0"}
			}
		},
		{
			"from": [-1.29191, 28.5478, -8.65174],
			"to": [1.70809, 29.5478, -7.65174],
			"rotation": {"angle": 22.5, "axis": "z", "origin": [-0.29191, 38.5478, 0.34826]},
			"faces": {
				"north": {"uv": [3, 0, 6, 1], "texture": "#0"},
				"east": {"uv": [2, 0, 3, 1], "texture": "#0"},
				"south": {"uv": [3, 0, 6, 1], "texture": "#0"},
				"west": {"uv": [2, 0, 3, 1], "texture": "#0"},
				"up": {"uv": [2, 0, 3, 3], "rotation": 90, "texture": "#0"},
				"down": {"uv": [2, 0, 3, 3], "rotation": 270, "texture": "#0"}
			}
		},
		{
			"from": [5, 30, -8.65],
			"to": [11, 31, -7.65],
			"faces": {
				"north": {"uv": [6, 0, 12, 1], "texture": "#0"},
				"east": {"uv": [2, 0, 3, 1], "texture": "#0"},
				"south": {"uv": [6, 0, 12, 1], "texture": "#0"},
				"west": {"uv": [2, 0, 3, 1], "texture": "#0"},
				"up": {"uv": [2, 0, 3, 6], "rotation": 90, "texture": "#0"},
				"down": {"uv": [2, 0, 3, 6], "rotation": 270, "texture": "#0"}
			}
		},
		{
			"from": [14.29191, 28.5513, -8.64826],
			"to": [17.29191, 29.5513, -7.64826],
			"rotation": {"angle": -22.5, "axis": "z", "origin": [16.29191, 38.5513, 0.35174]},
			"faces": {
				"north": {"uv": [6, 0, 9, 1], "texture": "#0"},
				"east": {"uv": [3, 0, 4, 1], "texture": "#0"},
				"south": {"uv": [6, 0, 9, 1], "texture": "#0"},
				"west": {"uv": [3, 0, 4, 1], "texture": "#0"},
				"up": {"uv": [2, 3, 3, 6], "rotation": 90, "texture": "#0"},
				"down": {"uv": [2, 3, 3, 6], "rotation": 270, "texture": "#0"}
			}
		},
		{
			"from": [19.54333, 24.79426, -8.65087],
			"to": [22.54333, 25.79426, -7.65087],
			"rotation": {"angle": -45, "axis": "z", "origin": [21.54333, 34.79426, 0.34913]},
			"faces": {
				"north": {"uv": [6, 0, 9, 1], "texture": "#0"},
				"east": {"uv": [3, 0, 4, 1], "texture": "#0"},
				"south": {"uv": [6, 0, 9, 1], "texture": "#0"},
				"west": {"uv": [3, 0, 4, 1], "texture": "#0"},
				"up": {"uv": [2, 3, 3, 6], "rotation": 90, "texture": "#0"},
				"down": {"uv": [2, 3, 3, 6], "rotation": 270, "texture": "#0"}
			}
		},
		{
			"from": [1, 25, -8.25],
			"to": [15, 28.5, -7.75],
			"faces": {
				"north": {"uv": [1, 3, 15, 6.5], "texture": "#1"},
				"east": {"uv": [1, 3, 15, 6.5], "texture": "#1"},
				"south": {"uv": [1, 3, 15, 6.5], "texture": "#1"},
				"west": {"uv": [1, 3, 15, 6.5], "texture": "#1"},
				"up": {"uv": [1, 3, 15, 6.5], "texture": "#1"},
				"down": {"uv": [1, 3, 15, 6.5], "texture": "#1"}
			}
		},
		{
			"from": [1, 24, -8.65],
			"to": [15, 25, -7.65],
			"faces": {
				"north": {"uv": [2, 0, 16, 1], "texture": "#0"},
				"east": {"uv": [2, 0, 3, 1], "texture": "#0"},
				"south": {"uv": [2, 0, 16, 1], "texture": "#0"},
				"west": {"uv": [2, 0, 3, 1], "texture": "#0"},
				"up": {"uv": [2, 0, 3, 14], "rotation": 90, "texture": "#0"},
				"down": {"uv": [2, 0, 3, 14], "rotation": 270, "texture": "#0"}
			}
		},
		{
			"from": [1, 22, -8.65],
			"to": [15, 23, -7.65],
			"faces": {
				"north": {"uv": [2, 0, 16, 1], "texture": "#0"},
				"east": {"uv": [2, 0, 3, 1], "texture": "#0"},
				"south": {"uv": [2, 0, 16, 1], "texture": "#0"},
				"west": {"uv": [2, 0, 3, 1], "texture": "#0"},
				"up": {"uv": [2, 0, 3, 14], "rotation": 90, "texture": "#0"},
				"down": {"uv": [2, 0, 3, 14], "rotation": 270, "texture": "#0"}
			}
		},
		{
			"from": [1, 15, -8.65],
			"to": [15, 16, -7],
			"faces": {
				"north": {"uv": [2, 0, 16, 1], "texture": "#0"},
				"east": {"uv": [2, 0, 3.65, 1], "texture": "#0"},
				"south": {"uv": [2, 0, 16, 1], "texture": "#0"},
				"west": {"uv": [2, 0, 3.65, 1], "texture": "#0"},
				"up": {"uv": [2, 0, 3.65, 14], "rotation": 90, "texture": "#0"},
				"down": {"uv": [2, 0, 3.65, 14], "rotation": 270, "texture": "#0"}
			}
		},
		{
			"from": [1, -16, -8.65],
			"to": [15, -15, -7],
			"faces": {
				"north": {"uv": [2, 0, 16, 1], "texture": "#0"},
				"east": {"uv": [2, 0, 3.65, 1], "texture": "#0"},
				"south": {"uv": [2, 0, 16, 1], "texture": "#0"},
				"west": {"uv": [2, 0, 3.65, 1], "texture": "#0"},
				"up": {"uv": [2, 0, 3.65, 14], "rotation": 90, "texture": "#0"},
				"down": {"uv": [2, 0, 3.65, 14], "rotation": 270, "texture": "#0"}
			}
		},
		{
			"from": [1, 16, -8.25],
			"to": [15, 22, -7.75],
			"faces": {
				"north": {"uv": [1, 8, 15, 15], "texture": "#1"},
				"east": {"uv": [1, 0, 1.5, 6], "texture": "#1"},
				"south": {"uv": [2, 0, 16, 6], "texture": "#1"},
				"west": {"uv": [1, 0, 1.5, 6], "texture": "#1"},
				"up": {"uv": [1, 0, 1.5, 14], "rotation": 90, "texture": "#1"},
				"down": {"uv": [1, 0, 1.5, 14], "rotation": 270, "texture": "#1"}
			}
		},
		{
			"from": [4, 29.5, -8.25],
			"to": [12, 30.5, -7.75],
			"faces": {
				"north": {"uv": [0, 1, 8, 2], "texture": "#1"},
				"east": {"uv": [0, 1, 8, 2], "texture": "#1"},
				"south": {"uv": [0, 1, 8, 2], "texture": "#1"},
				"west": {"uv": [0, 1, 8, 2], "texture": "#1"},
				"up": {"uv": [0, 1, 8, 2], "texture": "#1"},
				"down": {"uv": [0, 1, 8, 2], "texture": "#1"}
			}
		},
		{
			"from": [2, 28.5, -8.25],
			"to": [14, 29.5, -7.75],
			"faces": {
				"north": {"uv": [1, 2, 13, 3], "texture": "#1"},
				"east": {"uv": [1, 2, 13, 3], "texture": "#1"},
				"south": {"uv": [1, 2, 13, 3], "texture": "#1"},
				"west": {"uv": [1, 2, 13, 3], "texture": "#1"},
				"up": {"uv": [1, 2, 13, 3], "texture": "#1"},
				"down": {"uv": [1, 2, 13, 3], "texture": "#1"}
			}
		},
		{
			"from": [-6.54325, 24.79077, 23.65435],
			"to": [-3.54325, 25.79077, 24.65435],
			"rotation": {"angle": 45, "axis": "z", "origin": [-5.54325, 34.79077, 15.65435]},
			"faces": {
				"north": {"uv": [0, 0, 3, 1], "texture": "#0"},
				"east": {"uv": [1, 0, 2, 1], "texture": "#0"},
				"south": {"uv": [0, 0, 3, 1], "texture": "#0"},
				"west": {"uv": [1, 0, 2, 1], "texture": "#0"},
				"up": {"uv": [1, 0, 2, 3], "rotation": 90, "texture": "#0"},
				"down": {"uv": [1, 0, 2, 3], "rotation": 270, "texture": "#0"}
			}
		},
		{
			"from": [-1.29191, 28.5478, 23.65174],
			"to": [1.70809, 29.5478, 24.65174],
			"rotation": {"angle": 22.5, "axis": "z", "origin": [-0.29191, 38.5478, 15.65174]},
			"faces": {
				"north": {"uv": [0, 0, 3, 1], "texture": "#0"},
				"east": {"uv": [1, 0, 2, 1], "texture": "#0"},
				"south": {"uv": [0, 0, 3, 1], "texture": "#0"},
				"west": {"uv": [1, 0, 2, 1], "texture": "#0"},
				"up": {"uv": [1, 0, 2, 3], "rotation": 90, "texture": "#0"},
				"down": {"uv": [1, 0, 2, 3], "rotation": 270, "texture": "#0"}
			}
		},
		{
			"from": [5, 30, 23.65],
			"to": [11, 31, 24.65],
			"faces": {
				"north": {"uv": [0, 0, 6, 1], "texture": "#0"},
				"east": {"uv": [1, 0, 2, 1], "texture": "#0"},
				"south": {"uv": [0, 0, 6, 1], "texture": "#0"},
				"west": {"uv": [1, 0, 2, 1], "texture": "#0"},
				"up": {"uv": [1, 0, 2, 6], "rotation": 90, "texture": "#0"},
				"down": {"uv": [1, 0, 2, 6], "rotation": 270, "texture": "#0"}
			}
		},
		{
			"from": [14.29191, 28.5513, 23.64826],
			"to": [17.29191, 29.5513, 24.64826],
			"rotation": {"angle": -22.5, "axis": "z", "origin": [16.29191, 38.5513, 15.64826]},
			"faces": {
				"north": {"uv": [3, 0, 6, 1], "texture": "#0"},
				"east": {"uv": [2, 0, 3, 1], "texture": "#0"},
				"south": {"uv": [3, 0, 6, 1], "texture": "#0"},
				"west": {"uv": [2, 0, 3, 1], "texture": "#0"},
				"up": {"uv": [1, 3, 2, 6], "rotation": 90, "texture": "#0"},
				"down": {"uv": [1, 3, 2, 6], "rotation": 270, "texture": "#0"}
			}
		},
		{
			"from": [19.54333, 24.79426, 23.65087],
			"to": [22.54333, 25.79426, 24.65087],
			"rotation": {"angle": -45, "axis": "z", "origin": [21.54333, 34.79426, 15.65087]},
			"faces": {
				"north": {"uv": [3, 0, 6, 1], "texture": "#0"},
				"east": {"uv": [2, 0, 3, 1], "texture": "#0"},
				"south": {"uv": [3, 0, 6, 1], "texture": "#0"},
				"west": {"uv": [2, 0, 3, 1], "texture": "#0"},
				"up": {"uv": [1, 3, 2, 6], "rotation": 90, "texture": "#0"},
				"down": {"uv": [1, 3, 2, 6], "rotation": 270, "texture": "#0"}
			}
		},
		{
			"from": [1, 25, 23.75],
			"to": [15, 28.5, 24.25],
			"faces": {
				"north": {"uv": [1, 3, 15, 6.5], "texture": "#1"},
				"east": {"uv": [1, 3, 15, 6.5], "texture": "#1"},
				"south": {"uv": [1, 3, 15, 6.5], "texture": "#1"},
				"west": {"uv": [1, 3, 15, 6.5], "texture": "#1"},
				"up": {"uv": [1, 3, 15, 6.5], "texture": "#1"},
				"down": {"uv": [1, 3, 15, 6.5], "texture": "#1"}
			}
		},
		{
			"from": [1, 24, 23.65],
			"to": [15, 25, 24.65],
			"faces": {
				"north": {"uv": [0, 0, 14, 1], "texture": "#0"},
				"east": {"uv": [1, 0, 2, 1], "texture": "#0"},
				"south": {"uv": [0, 0, 14, 1], "texture": "#0"},
				"west": {"uv": [1, 0, 2, 1], "texture": "#0"},
				"up": {"uv": [1, 0, 2, 14], "rotation": 90, "texture": "#0"},
				"down": {"uv": [1, 0, 2, 14], "rotation": 270, "texture": "#0"}
			}
		},
		{
			"from": [1, 22, 23.65],
			"to": [15, 23, 24.65],
			"faces": {
				"north": {"uv": [0, 0, 14, 1], "texture": "#0"},
				"east": {"uv": [1, 0, 2, 1], "texture": "#0"},
				"south": {"uv": [0, 0, 14, 1], "texture": "#0"},
				"west": {"uv": [1, 0, 2, 1], "texture": "#0"},
				"up": {"uv": [1, 0, 2, 14], "rotation": 90, "texture": "#0"},
				"down": {"uv": [1, 0, 2, 14], "rotation": 270, "texture": "#0"}
			}
		},
		{
			"from": [1, 15, 22.95],
			"to": [15, 16, 24.65],
			"faces": {
				"north": {"uv": [0, 0, 14, 1], "texture": "#0"},
				"east": {"uv": [1, 0, 2.7, 1], "texture": "#0"},
				"south": {"uv": [0, 0, 14, 1], "texture": "#0"},
				"west": {"uv": [1, 0, 2.7, 1], "texture": "#0"},
				"up": {"uv": [1, 0, 2.7, 14], "rotation": 90, "texture": "#0"},
				"down": {"uv": [1, 0, 2.7, 14], "rotation": 270, "texture": "#0"}
			}
		},
		{
			"from": [1, -16, 22.95],
			"to": [15, -15, 24.65],
			"faces": {
				"north": {"uv": [0, 0, 14, 1], "texture": "#0"},
				"east": {"uv": [1, 0, 2.7, 1], "texture": "#0"},
				"south": {"uv": [0, 0, 14, 1], "texture": "#0"},
				"west": {"uv": [1, 0, 2.7, 1], "texture": "#0"},
				"up": {"uv": [1, 0, 2.7, 14], "rotation": 90, "texture": "#0"},
				"down": {"uv": [1, 0, 2.7, 14], "rotation": 270, "texture": "#0"}
			}
		},
		{
			"from": [1, 16, 23.75],
			"to": [15, 22, 24.25],
			"faces": {
				"north": {"uv": [0, 0, 14, 6], "texture": "#1"},
				"east": {"uv": [0.5, 0, 1, 6], "texture": "#1"},
				"south": {"uv": [1, 8, 15, 15], "texture": "#1"},
				"west": {"uv": [0.5, 0, 1, 6], "texture": "#1"},
				"up": {"uv": [0.5, 0, 1, 14], "rotation": 90, "texture": "#1"},
				"down": {"uv": [0.5, 0, 1, 14], "rotation": 270, "texture": "#1"}
			}
		},
		{
			"from": [4, 29.5, 23.75],
			"to": [12, 30.5, 24.25],
			"faces": {
				"north": {"uv": [0, 1, 8, 2], "texture": "#1"},
				"east": {"uv": [0, 1, 8, 2], "texture": "#1"},
				"south": {"uv": [0, 1, 8, 2], "texture": "#1"},
				"west": {"uv": [0, 1, 8, 2], "texture": "#1"},
				"up": {"uv": [0, 1, 8, 2], "texture": "#1"},
				"down": {"uv": [0, 1, 8, 2], "texture": "#1"}
			}
		},
		{
			"from": [2, 28.5, 23.75],
			"to": [14, 29.5, 24.25],
			"faces": {
				"north": {"uv": [1, 2, 13, 3], "texture": "#1"},
				"east": {"uv": [1, 2, 13, 3], "texture": "#1"},
				"south": {"uv": [1, 2, 13, 3], "texture": "#1"},
				"west": {"uv": [1, 2, 13, 3], "texture": "#1"},
				"up": {"uv": [1, 2, 13, 3], "texture": "#1"},
				"down": {"uv": [1, 2, 13, 3], "texture": "#1"}
			}
		},
		{
			"from": [16, 22, -7],
			"to": [17, 23, 23],
			"faces": {
				"north": {"uv": [1, 0, 2, 1], "texture": "#0"},
				"east": {"uv": [0, 0, 16, 1], "texture": "#0"},
				"south": {"uv": [1, 0, 2, 1], "texture": "#0"},
				"west": {"uv": [0, 0, 16, 1], "texture": "#0"},
				"up": {"uv": [1, 0, 2, 16], "texture": "#0"},
				"down": {"uv": [1, 0, 2, 16], "texture": "#0"}
			}
		},
		{
			"from": [-1, 15, -7],
			"to": [17, 16, 23],
			"faces": {
				"north": {"uv": [0, 0, 16, 1], "texture": "#0"},
				"east": {"uv": [0, 0, 16, 1], "texture": "#0"},
				"south": {"uv": [0, 0, 16, 1], "texture": "#0"},
				"west": {"uv": [0, 0, 16, 1], "texture": "#0"},
				"up": {"uv": [0, 0, 16, 16], "texture": "#0"},
				"down": {"uv": [0, 0, 16, 16], "texture": "#0"}
			}
		},
		{
			"from": [-1, -16, -7],
			"to": [17, -15, 23],
			"faces": {
				"north": {"uv": [0, 0, 16, 1], "texture": "#0"},
				"east": {"uv": [0, 0, 16, 1], "texture": "#0"},
				"south": {"uv": [0, 0, 16, 1], "texture": "#0"},
				"west": {"uv": [0, 0, 16, 1], "texture": "#0"},
				"up": {"uv": [0, 0, 16, 16], "texture": "#0"},
				"down": {"uv": [0, 0, 16, 16], "texture": "#0"}
			}
		},
		{
			"from": [16, 16, -7],
			"to": [16.5, 22, 23],
			"faces": {
				"north": {"uv": [0.5, 0, 1, 6], "texture": "#1"},
				"east": {"uv": [0, 0, 16, 7], "texture": "#1"},
				"south": {"uv": [0.5, 0, 1, 6], "texture": "#1"},
				"west": {"uv": [0, 0, 16, 6], "texture": "#1"},
				"up": {"uv": [0.5, 0, 1, 16], "texture": "#1"},
				"down": {"uv": [0.5, 0, 1, 16], "texture": "#1"}
			}
		},
		{
			"from": [16, 25, -7],
			"to": [17, 26, 23],
			"faces": {
				"north": {"uv": [1, 0, 2, 1], "texture": "#0"},
				"east": {"uv": [0, 0, 16, 1], "texture": "#0"},
				"south": {"uv": [1, 0, 2, 1], "texture": "#0"},
				"west": {"uv": [0, 0, 16, 1], "texture": "#0"},
				"up": {"uv": [1, 0, 2, 16], "texture": "#0"},
				"down": {"uv": [1, 0, 2, 16], "texture": "#0"}
			}
		},
		{
			"from": [16, 23, -4.5],
			"to": [16.75, 25, -3.5],
			"faces": {
				"north": {"uv": [0.75, 0, 1.5, 2], "texture": "#0"},
				"east": {"uv": [1, 0, 2, 2], "texture": "#0"},
				"south": {"uv": [0.75, 0, 1.5, 2], "texture": "#0"},
				"west": {"uv": [1, 0, 2, 2], "texture": "#0"},
				"up": {"uv": [0.75, 0, 1.5, 1], "texture": "#0"},
				"down": {"uv": [0.75, 0, 1.5, 1], "texture": "#0"}
			}
		},
		{
			"from": [16, 23, 19.5],
			"to": [16.75, 25, 20.5],
			"faces": {
				"north": {"uv": [0.75, 0, 1.5, 2], "texture": "#0"},
				"east": {"uv": [1, 0, 2, 2], "texture": "#0"},
				"south": {"uv": [0.75, 0, 1.5, 2], "texture": "#0"},
				"west": {"uv": [1, 0, 2, 2], "texture": "#0"},
				"up": {"uv": [0.75, 0, 1.5, 1], "texture": "#0"},
				"down": {"uv": [0.75, 0, 1.5, 1], "texture": "#0"}
			}
		},
		{
			"from": [16, 23, 16.5],
			"to": [16.75, 25, 17.5],
			"faces": {
				"north": {"uv": [0.75, 0, 1.5, 2], "texture": "#0"},
				"east": {"uv": [1, 0, 2, 2], "texture": "#0"},
				"south": {"uv": [0.75, 0, 1.5, 2], "texture": "#0"},
				"west": {"uv": [1, 0, 2, 2], "texture": "#0"},
				"up": {"uv": [0.75, 0, 1.5, 1], "texture": "#0"},
				"down": {"uv": [0.75, 0, 1.5, 1], "texture": "#0"}
			}
		},
		{
			"from": [16, 23, -1.5],
			"to": [16.75, 25, -0.5],
			"faces": {
				"north": {"uv": [0.75, 0, 1.5, 2], "texture": "#0"},
				"east": {"uv": [1, 0, 2, 2], "texture": "#0"},
				"south": {"uv": [0.75, 0, 1.5, 2], "texture": "#0"},
				"west": {"uv": [1, 0, 2, 2], "texture": "#0"},
				"up": {"uv": [0.75, 0, 1.5, 1], "texture": "#0"},
				"down": {"uv": [0.75, 0, 1.5, 1], "texture": "#0"}
			}
		},
		{
			"from": [16, 23, 1.5],
			"to": [16.75, 25, 2.5],
			"faces": {
				"north": {"uv": [0.75, 0, 1.5, 2], "texture": "#0"},
				"east": {"uv": [1, 0, 2, 2], "texture": "#0"},
				"south": {"uv": [0.75, 0, 1.5, 2], "texture": "#0"},
				"west": {"uv": [1, 0, 2, 2], "texture": "#0"},
				"up": {"uv": [0.75, 0, 1.5, 1], "texture": "#0"},
				"down": {"uv": [0.75, 0, 1.5, 1], "texture": "#0"}
			}
		},
		{
			"from": [16, 23, 13.5],
			"to": [16.75, 25, 14.5],
			"faces": {
				"north": {"uv": [0.75, 0, 1.5, 2], "texture": "#0"},
				"east": {"uv": [1, 0, 2, 2], "texture": "#0"},
				"south": {"uv": [0.75, 0, 1.5, 2], "texture": "#0"},
				"west": {"uv": [1, 0, 2, 2], "texture": "#0"},
				"up": {"uv": [0.75, 0, 1.5, 1], "texture": "#0"},
				"down": {"uv": [0.75, 0, 1.5, 1], "texture": "#0"}
			}
		},
		{
			"from": [16, 23, 10.5],
			"to": [16.75, 25, 11.5],
			"faces": {
				"north": {"uv": [0.75, 0, 1.5, 2], "texture": "#0"},
				"east": {"uv": [1, 0, 2, 2], "texture": "#0"},
				"south": {"uv": [0.75, 0, 1.5, 2], "texture": "#0"},
				"west": {"uv": [1, 0, 2, 2], "texture": "#0"},
				"up": {"uv": [0.75, 0, 1.5, 1], "texture": "#0"},
				"down": {"uv": [0.75, 0, 1.5, 1], "texture": "#0"}
			}
		},
		{
			"from": [16, 23, 4.5],
			"to": [16.75, 25, 5.5],
			"faces": {
				"north": {"uv": [0.75, 0, 1.5, 2], "texture": "#0"},
				"east": {"uv": [1, 0, 2, 2], "texture": "#0"},
				"south": {"uv": [0.75, 0, 1.5, 2], "texture": "#0"},
				"west": {"uv": [1, 0, 2, 2], "texture": "#0"},
				"up": {"uv": [0.75, 0, 1.5, 1], "texture": "#0"},
				"down": {"uv": [0.75, 0, 1.5, 1], "texture": "#0"}
			}
		},
		{
			"from": [16, 23, 7.5],
			"to": [16.75, 25, 8.5],
			"faces": {
				"north": {"uv": [0.75, 0, 1.5, 2], "texture": "#0"},
				"east": {"uv": [1, 0, 2, 2], "texture": "#0"},
				"south": {"uv": [0.75, 0, 1.5, 2], "texture": "#0"},
				"west": {"uv": [1, 0, 2, 2], "texture": "#0"},
				"up": {"uv": [0.75, 0, 1.5, 1], "texture": "#0"},
				"down": {"uv": [0.75, 0, 1.5, 1], "texture": "#0"}
			}
		},
		{
			"from": [-1, 22, -7],
			"to": [0, 23, 23],
			"faces": {
				"north": {"uv": [0, 0, 1, 1], "texture": "#0"},
				"east": {"uv": [0, 0, 16, 1], "texture": "#0"},
				"south": {"uv": [0, 0, 1, 1], "texture": "#0"},
				"west": {"uv": [0, 0, 16, 1], "texture": "#0"},
				"up": {"uv": [0, 0, 1, 16], "texture": "#0"},
				"down": {"uv": [0, 0, 1, 16], "texture": "#0"}
			}
		},
		{
			"from": [-0.5, 16, -7],
			"to": [0, 22, 23],
			"faces": {
				"north": {"uv": [0, 0, 0.5, 6], "texture": "#1"},
				"east": {"uv": [0, 0, 16, 6], "texture": "#1"},
				"south": {"uv": [0, 0, 0.5, 6], "texture": "#1"},
				"west": {"uv": [0, 0, 16, 7], "texture": "#1"},
				"up": {"uv": [0, 0, 0.5, 16], "texture": "#1"},
				"down": {"uv": [0, 0, 0.5, 16], "texture": "#1"}
			}
		},
		{
			"from": [-1, 25, -7],
			"to": [0, 26, 23],
			"faces": {
				"north": {"uv": [0, 0, 1, 1], "texture": "#0"},
				"east": {"uv": [0, 0, 16, 1], "texture": "#0"},
				"south": {"uv": [0, 0, 1, 1], "texture": "#0"},
				"west": {"uv": [0, 0, 16, 1], "texture": "#0"},
				"up": {"uv": [0, 0, 1, 16], "texture": "#0"},
				"down": {"uv": [0, 0, 1, 16], "texture": "#0"}
			}
		},
		{
			"from": [-0.75, 23, -4.5],
			"to": [0, 25, -3.5],
			"faces": {
				"north": {"uv": [0, 0, 0.75, 2], "texture": "#0"},
				"east": {"uv": [0, 0, 1, 2], "texture": "#0"},
				"south": {"uv": [0, 0, 0.75, 2], "texture": "#0"},
				"west": {"uv": [0, 0, 1, 2], "texture": "#0"},
				"up": {"uv": [0, 0, 0.75, 1], "texture": "#0"},
				"down": {"uv": [0, 0, 0.75, 1], "texture": "#0"}
			}
		},
		{
			"from": [-0.75, 23, 19.5],
			"to": [0, 25, 20.5],
			"faces": {
				"north": {"uv": [0, 0, 0.75, 2], "texture": "#0"},
				"east": {"uv": [0, 0, 1, 2], "texture": "#0"},
				"south": {"uv": [0, 0, 0.75, 2], "texture": "#0"},
				"west": {"uv": [0, 0, 1, 2], "texture": "#0"},
				"up": {"uv": [0, 0, 0.75, 1], "texture": "#0"},
				"down": {"uv": [0, 0, 0.75, 1], "texture": "#0"}
			}
		},
		{
			"from": [-0.75, 23, 16.5],
			"to": [0, 25, 17.5],
			"faces": {
				"north": {"uv": [0, 0, 0.75, 2], "texture": "#0"},
				"east": {"uv": [0, 0, 1, 2], "texture": "#0"},
				"south": {"uv": [0, 0, 0.75, 2], "texture": "#0"},
				"west": {"uv": [0, 0, 1, 2], "texture": "#0"},
				"up": {"uv": [0, 0, 0.75, 1], "texture": "#0"},
				"down": {"uv": [0, 0, 0.75, 1], "texture": "#0"}
			}
		},
		{
			"from": [-0.75, 23, -1.5],
			"to": [0, 25, -0.5],
			"faces": {
				"north": {"uv": [0, 0, 0.75, 2], "texture": "#0"},
				"east": {"uv": [0, 0, 1, 2], "texture": "#0"},
				"south": {"uv": [0, 0, 0.75, 2], "texture": "#0"},
				"west": {"uv": [0, 0, 1, 2], "texture": "#0"},
				"up": {"uv": [0, 0, 0.75, 1], "texture": "#0"},
				"down": {"uv": [0, 0, 0.75, 1], "texture": "#0"}
			}
		},
		{
			"from": [-0.75, 23, 1.5],
			"to": [0, 25, 2.5],
			"faces": {
				"north": {"uv": [0, 0, 0.75, 2], "texture": "#0"},
				"east": {"uv": [0, 0, 1, 2], "texture": "#0"},
				"south": {"uv": [0, 0, 0.75, 2], "texture": "#0"},
				"west": {"uv": [0, 0, 1, 2], "texture": "#0"},
				"up": {"uv": [0, 0, 0.75, 1], "texture": "#0"},
				"down": {"uv": [0, 0, 0.75, 1], "texture": "#0"}
			}
		},
		{
			"from": [-0.75, 23, 13.5],
			"to": [0, 25, 14.5],
			"faces": {
				"north": {"uv": [0, 0, 0.75, 2], "texture": "#0"},
				"east": {"uv": [0, 0, 1, 2], "texture": "#0"},
				"south": {"uv": [0, 0, 0.75, 2], "texture": "#0"},
				"west": {"uv": [0, 0, 1, 2], "texture": "#0"},
				"up": {"uv": [0, 0, 0.75, 1], "texture": "#0"},
				"down": {"uv": [0, 0, 0.75, 1], "texture": "#0"}
			}
		},
		{
			"from": [-0.75, 23, 10.5],
			"to": [0, 25, 11.5],
			"faces": {
				"north": {"uv": [0, 0, 0.75, 2], "texture": "#0"},
				"east": {"uv": [0, 0, 1, 2], "texture": "#0"},
				"south": {"uv": [0, 0, 0.75, 2], "texture": "#0"},
				"west": {"uv": [0, 0, 1, 2], "texture": "#0"},
				"up": {"uv": [0, 0, 0.75, 1], "texture": "#0"},
				"down": {"uv": [0, 0, 0.75, 1], "texture": "#0"}
			}
		},
		{
			"from": [-0.75, 23, 4.5],
			"to": [0, 25, 5.5],
			"faces": {
				"north": {"uv": [0, 0, 0.75, 2], "texture": "#0"},
				"east": {"uv": [0, 0, 1, 2], "texture": "#0"},
				"south": {"uv": [0, 0, 0.75, 2], "texture": "#0"},
				"west": {"uv": [0, 0, 1, 2], "texture": "#0"},
				"up": {"uv": [0, 0, 0.75, 1], "texture": "#0"},
				"down": {"uv": [0, 0, 0.75, 1], "texture": "#0"}
			}
		},
		{
			"from": [-0.75, 23, 7.5],
			"to": [0, 25, 8.5],
			"faces": {
				"north": {"uv": [0, 0, 0.75, 2], "texture": "#0"},
				"east": {"uv": [0, 0, 1, 2], "texture": "#0"},
				"south": {"uv": [0, 0, 0.75, 2], "texture": "#0"},
				"west": {"uv": [0, 0, 1, 2], "texture": "#0"},
				"up": {"uv": [0, 0, 0.75, 1], "texture": "#0"},
				"down": {"uv": [0, 0, 0.75, 1], "texture": "#0"}
			}
		}
	],
	"display": {
		"thirdperson_righthand": {
			"rotation": [75, 45, 0],
			"translation": [0, 2.5, 1.5],
			"scale": [0.25, 0.25, 0.25]
		},
		"thirdperson_lefthand": {
			"rotation": [75, 45, 0],
			"translation": [0, 2.5, 1.5],
			"scale": [0.25, 0.25, 0.25]
		},
		"firstperson_righthand": {
			"rotation": [7, 35, 3],
			"translation": [1.25, 2.5, 0],
			"scale": [0.25, 0.25, 0.25]
		},
		"firstperson_lefthand": {
			"rotation": [7, 35, 3],
			"translation": [1.25, 2.5, 0],
			"scale": [0.25, 0.25, 0.25]
		},
		"ground": {
			"translation": [0, 3, 0],
			"scale": [0.25, 0.25, 0.25]
		},
		"gui": {
			"rotation": [30, 225, 0],
			"translation": [0, 0.75, 0],
			"scale": [0.3, 0.3, 0.3]
		},
		"head": {
			"rotation": [0, 90, 0],
			"translation": [0, 15.75, 0],
			"scale": [0.35, 0.35, 0.35]
		},
		"fixed": {
			"rotation": [0, -180, 0],
			"translation": [0, 32, 33.75],
			"scale": [2, 2, 2]
		}
	},
	"groups": [
		{
			"name": "Posts",
			"origin": [8, -8, 8],
			"children": [0, 1, 2, 3, 4, 5, 6, 7, 8, 9, 10, 11, 12, 13, 14, 15]
		},
		{
			"name": "Bottom Bunk",
			"origin": [8, 8, 8],
			"children": [
				{
					"name": "Headboard",
					"origin": [8, 8, 16],
					"children": [16, 17, 18, 19, 20, 21, 22, 23, 24, 25, 26]
				},
				{
					"name": "Headboard",
					"origin": [8, 8, 16],
					"children": [27, 28, 29, 30, 31, 32, 33, 34, 35, 36, 37]
				},
				{
					"name": "Side",
					"origin": [8, 8, 8.5],
					"children": [38, 39, 40, 41, 42, 43, 44, 45, 46, 47, 48, 49]
				},
				{
					"name": "Side",
					"origin": [8, 8, 8.5],
					"children": [50, 51, 52, 53, 54, 55, 56, 57, 58, 59, 60, 61]
				}
			]
		},
		{
			"name": "Top Bunk",
			"origin": [8, 8, 8],
			"children": [
				{
					"name": "Headboard",
					"origin": [8, 8, 16],
					"children": [62, 63, 64, 65, 66, 67, 68, 69, 70, 71, 72, 73, 74]
				},
				{
					"name": "Headboard",
					"origin": [8, 8, 16],
					"children": [75, 76, 77, 78, 79, 80, 81, 82, 83, 84, 85, 86, 87]
				},
				{
					"name": "Side",
					"origin": [8, 8, 8.5],
					"children": [88, 89, 90, 91, 92, 93, 94, 95, 96, 97, 98, 99, 100, 101]
				},
				{
					"name": "Side",
					"origin": [8, 8, 8.5],
					"children": [102, 103, 104, 105, 106, 107, 108, 109, 110, 111, 112, 113]
				}
			]
		}
	]
}