{
	"credit": "Made with Blockbench",
	"parent": "./cit_item",
	"textures": {
		"1": "block/MizunoArchive/stripped_jungle_log",
		"4_1": "block/MizunoArchive/jungle_log",
		"4_2": "block/MizunoArchive/furnace_top"
	},
	"elements": [
		{
			"from": [0, 15, 7],
			"to": [16, 16, 8],
			"faces": {
				"north": {"uv": [0, 0, 16, 1], "texture": "#1"},
				"east": {"uv": [15, 0, 16, 1], "texture": "#1"},
				"south": {"uv": [0, 0, 16, 1], "texture": "#1"},
				"west": {"uv": [0, 0, 1, 1], "texture": "#1"},
				"up": {"uv": [0, 0, 16, 1], "texture": "#1"},
				"down": {"uv": [0, 0, 16, 1], "texture": "#1"}
			}
		},
		{
			"from": [0, 0, 15],
			"to": [16, 16, 16],
			"faces": {
				"north": {"uv": [0, 0, 16, 1], "texture": "#1"},
				"east": {"uv": [15, 0, 16, 16], "texture": "#1"},
				"south": {"uv": [0, 0, 16, 16], "texture": "#1"},
				"west": {"uv": [0, 0, 1, 16], "texture": "#1"},
				"up": {"uv": [0, 0, 16, 1], "texture": "#1"},
				"down": {"uv": [0, 0, 16, 1], "texture": "#1"}
			}
		},
		{
			"from": [0, 0, 8],
			"to": [1, 16, 15],
			"faces": {
				"north": {"uv": [0, 0, 1, 16], "texture": "#1"},
				"east": {"uv": [0, 0, 6, 16], "texture": "#1"},
				"south": {"uv": [0, 0, 1, 7], "texture": "#1"},
				"west": {"uv": [0, 0, 7, 16], "texture": "#1"},
				"up": {"uv": [0, 0, 1, 7], "texture": "#1"},
				"down": {"uv": [0, 0, 1, 7], "texture": "#1"}
			}
		},
		{
			"from": [15, 0, 8],
			"to": [16, 16, 15],
			"faces": {
				"north": {"uv": [0, 0, 1, 7], "texture": "#1"},
				"east": {"uv": [0, 0, 7, 16], "texture": "#1"},
				"south": {"uv": [0, 0, 1, 7], "texture": "#1"},
				"west": {"uv": [0, 0, 6, 16], "texture": "#1"},
				"up": {"uv": [0, 0, 1, 7], "texture": "#1"},
				"down": {"uv": [0, 0, 1, 7], "texture": "#1"}
			}
		},
		{
			"from": [1, 0, 8],
			"to": [15, 1, 15],
			"faces": {
				"north": {"uv": [0, 0, 16, 1], "texture": "#1"},
				"east": {"uv": [0, 0, 14, 7], "texture": "#1"},
				"south": {"uv": [0, 0, 14, 7], "texture": "#1"},
				"west": {"uv": [0, 0, 14, 7], "texture": "#1"},
				"up": {"uv": [0, 0, 14, 7], "texture": "#1"},
				"down": {"uv": [0, 0, 14, 7], "texture": "#1"}
			}
		},
		{
			"from": [1, 14, 8],
			"to": [15, 16, 15],
			"faces": {
				"north": {"uv": [0, 2, 16, 3], "texture": "#1"},
				"east": {"uv": [0, 0, 14, 7], "texture": "#1"},
				"south": {"uv": [0, 0, 14, 7], "texture": "#1"},
				"west": {"uv": [0, 0, 14, 7], "texture": "#1"},
				"up": {"uv": [0, 0, 14, 7], "texture": "#1"},
				"down": {"uv": [0, 0, 14, 7], "texture": "#1"}
			}
		},
		{
			"name": "Counter Main",
			"from": [1, 1, 8],
			"to": [15, 14.1, 9],
			"faces": {
				"north": {"uv": [0, 0, 16, 16], "texture": "#1"},
				"east": {"uv": [14, 0, 16, 15.2], "texture": "#1"},
				"south": {"uv": [0, 0, 16, 15.2], "texture": "#1"},
				"west": {"uv": [0, 0, 2, 15.2], "texture": "#1"},
				"up": {"uv": [0, 0, 16, 15.2], "texture": "#1"},
				"down": {"uv": [0, 0, 16, 1.2], "texture": "#1"}
			}
		},
		{
			"from": [1, 1, 7.5],
			"to": [7.5, 14, 8.5],
			"faces": {
				"north": {"uv": [0, 0, 16, 16], "texture": "#1"},
				"east": {"uv": [0, 0, 16, 16], "texture": "#1"},
				"south": {"uv": [0, 0, 16, 16], "texture": "#1"},
				"west": {"uv": [0, 0, 16, 16], "texture": "#1"},
				"up": {"uv": [0, 0, 16, 16], "texture": "#1"},
				"down": {"uv": [0, 0, 16, 16], "texture": "#1"}
			}
		},
		{
			"from": [8.4, 1, 7.5],
			"to": [15, 14, 8.5],
			"faces": {
				"north": {"uv": [0, 0, 16, 16], "texture": "#1"},
				"east": {"uv": [0, 0, 16, 16], "texture": "#1"},
				"south": {"uv": [0, 0, 16, 16], "texture": "#1"},
				"west": {"uv": [0, 0, 16, 16], "texture": "#1"},
				"up": {"uv": [0, 0, 16, 16], "texture": "#1"},
				"down": {"uv": [0, 0, 16, 16], "texture": "#1"}
			}
		},
		{
			"from": [1.7, 2, 7.3],
			"to": [6.7, 2.6, 7.8],
			"faces": {
				"north": {"uv": [0, 0, 5, 0.6], "texture": "#4_1"},
				"east": {"uv": [0, 0, 5, 0.6], "texture": "#4_1"},
				"south": {"uv": [0, 0, 5, 0.6], "texture": "#4_1"},
				"west": {"uv": [0, 0, 5, 0.6], "texture": "#4_1"},
				"up": {"uv": [0, 0, 5, 0.6], "texture": "#4_1"},
				"down": {"uv": [0, 0, 5, 0.6], "texture": "#4_1"}
			}
		},
		{
			"from": [6.1, 2.6, 7.3],
			"to": [6.7, 12.6, 7.8],
			"faces": {
				"north": {"uv": [0, 0, 0.6, 9], "texture": "#4_1"},
				"east": {"uv": [0, 0, 0.6, 9], "texture": "#4_1"},
				"south": {"uv": [0, 0, 0.6, 9], "texture": "#4_1"},
				"west": {"uv": [0, 0, 0.6, 9], "texture": "#4_1"},
				"up": {"uv": [0, 0, 0.6, 9], "texture": "#4_1"},
				"down": {"uv": [0, 0, 0.6, 9], "texture": "#4_1"}
			}
		},
		{
			"from": [1.7, 12.6, 7.3],
			"to": [6.7, 13.2, 7.8],
			"faces": {
				"north": {"uv": [0, 0, 5, 0.6], "texture": "#4_1"},
				"east": {"uv": [0, 0, 5, 0.6], "texture": "#4_1"},
				"south": {"uv": [0, 0, 5, 0.6], "texture": "#4_1"},
				"west": {"uv": [0, 0, 5, 0.6], "texture": "#4_1"},
				"up": {"uv": [0, 0, 5, 0.6], "texture": "#4_1"},
				"down": {"uv": [0, 0, 5, 0.6], "texture": "#4_1"}
			}
		},
		{
			"from": [1.7, 2.6, 7.3],
			"to": [2.3, 12.6, 7.8],
			"faces": {
				"north": {"uv": [0, 0, 0.6, 9], "texture": "#4_1"},
				"east": {"uv": [0, 0, 0.6, 9], "texture": "#4_1"},
				"south": {"uv": [0, 0, 0.6, 9], "texture": "#4_1"},
				"west": {"uv": [0, 0, 0.6, 9], "texture": "#4_1"},
				"up": {"uv": [0, 0, 0.6, 9], "texture": "#4_1"},
				"down": {"uv": [0, 0, 0.6, 9], "texture": "#4_1"}
			}
		},
		{
			"from": [13.5, 2.6, 7.3],
			"to": [14.1, 12.6, 7.8],
			"faces": {
				"north": {"uv": [0, 0, 0.6, 9], "texture": "#4_1"},
				"east": {"uv": [0, 0, 0.6, 9], "texture": "#4_1"},
				"south": {"uv": [0, 0, 0.6, 9], "texture": "#4_1"},
				"west": {"uv": [0, 0, 0.6, 9], "texture": "#4_1"},
				"up": {"uv": [0, 0, 0.6, 9], "texture": "#4_1"},
				"down": {"uv": [0, 0, 0.6, 9], "texture": "#4_1"}
			}
		},
		{
			"from": [9.1, 12.6, 7.3],
			"to": [14.1, 13.2, 7.8],
			"faces": {
				"north": {"uv": [0, 0, 5, 0.6], "texture": "#4_1"},
				"east": {"uv": [0, 0, 5, 0.6], "texture": "#4_1"},
				"south": {"uv": [0, 0, 5, 0.6], "texture": "#4_1"},
				"west": {"uv": [0, 0, 5, 0.6], "texture": "#4_1"},
				"up": {"uv": [0, 0, 5, 0.6], "texture": "#4_1"},
				"down": {"uv": [0, 0, 5, 0.6], "texture": "#4_1"}
			}
		},
		{
			"from": [9.1, 2.6, 7.3],
			"to": [9.7, 12.6, 7.8],
			"faces": {
				"north": {"uv": [0, 0, 0.6, 9], "texture": "#4_1"},
				"east": {"uv": [0, 0, 0.6, 9], "texture": "#4_1"},
				"south": {"uv": [0, 0, 0.6, 9], "texture": "#4_1"},
				"west": {"uv": [0, 0, 0.6, 9], "texture": "#4_1"},
				"up": {"uv": [0, 0, 0.6, 9], "texture": "#4_1"},
				"down": {"uv": [0, 0, 0.6, 9], "texture": "#4_1"}
			}
		},
		{
			"from": [9.1, 2, 7.3],
			"to": [14.1, 2.6, 7.8],
			"faces": {
				"north": {"uv": [0, 0, 5, 0.6], "texture": "#4_1"},
				"east": {"uv": [0, 0, 5, 0.6], "texture": "#4_1"},
				"south": {"uv": [0, 0, 5, 0.6], "texture": "#4_1"},
				"west": {"uv": [0, 0, 5, 0.6], "texture": "#4_1"},
				"up": {"uv": [0, 0, 5, 0.6], "texture": "#4_1"},
				"down": {"uv": [0, 0, 5, 0.6], "texture": "#4_1"}
			}
		},
		{
			"from": [9.1, 9, 6.7],
			"to": [9.7, 9.6, 7.7],
			"faces": {
				"north": {"uv": [2, 3, 4, 5.6], "texture": "#4_2"},
				"east": {"uv": [2, 3, 4, 5.6], "texture": "#4_2"},
				"south": {"uv": [2, 3, 4, 5.6], "texture": "#4_2"},
				"west": {"uv": [2, 3, 4, 5.6], "texture": "#4_2"},
				"up": {"uv": [2, 3, 4, 5.6], "texture": "#4_2"},
				"down": {"uv": [2, 3, 4, 5.6], "texture": "#4_2"}
			}
		},
		{
			"from": [9.1, 6.3, 6.4],
			"to": [9.7, 9.3, 6.8],
			"faces": {
				"north": {"uv": [2, 3, 4, 5.6], "texture": "#4_2"},
				"east": {"uv": [2, 3, 4, 5.6], "texture": "#4_2"},
				"south": {"uv": [2, 3, 4, 5.6], "texture": "#4_2"},
				"west": {"uv": [2, 3, 4, 5.6], "texture": "#4_2"},
				"up": {"uv": [2, 3, 4, 5.6], "texture": "#4_2"},
				"down": {"uv": [2, 3, 4, 5.6], "texture": "#4_2"}
			}
		},
		{
			"from": [9.1, 6, 6.7],
			"to": [9.7, 6.6, 7.7],
			"faces": {
				"north": {"uv": [2, 3, 4, 5.6], "texture": "#4_2"},
				"east": {"uv": [2, 3, 4, 5.6], "texture": "#4_2"},
				"south": {"uv": [2, 3, 4, 5.6], "texture": "#4_2"},
				"west": {"uv": [2, 3, 4, 5.6], "texture": "#4_2"},
				"up": {"uv": [2, 3, 4, 5.6], "texture": "#4_2"},
				"down": {"uv": [2, 3, 4, 5.6], "texture": "#4_2"}
			}
		},
		{
			"from": [6.1, 6, 6.7],
			"to": [6.7, 6.6, 7.7],
			"faces": {
				"north": {"uv": [2, 3, 4, 5.6], "texture": "#4_2"},
				"east": {"uv": [2, 3, 4, 5.6], "texture": "#4_2"},
				"south": {"uv": [2, 3, 4, 5.6], "texture": "#4_2"},
				"west": {"uv": [2, 3, 4, 5.6], "texture": "#4_2"},
				"up": {"uv": [2, 3, 4, 5.6], "texture": "#4_2"},
				"down": {"uv": [2, 3, 4, 5.6], "texture": "#4_2"}
			}
		},
		{
			"from": [6.1, 6.3, 6.4],
			"to": [6.7, 9.3, 6.8],
			"faces": {
				"north": {"uv": [2, 3, 4, 5.6], "texture": "#4_2"},
				"east": {"uv": [2, 3, 4, 5.6], "texture": "#4_2"},
				"south": {"uv": [2, 3, 4, 5.6], "texture": "#4_2"},
				"west": {"uv": [2, 3, 4, 5.6], "texture": "#4_2"},
				"up": {"uv": [2, 3, 4, 5.6], "texture": "#4_2"},
				"down": {"uv": [2, 3, 4, 5.6], "texture": "#4_2"}
			}
		},
		{
			"from": [6.1, 9, 6.7],
			"to": [6.7, 9.6, 7.7],
			"faces": {
				"north": {"uv": [2, 3, 4, 5.6], "texture": "#4_2"},
				"east": {"uv": [2, 3, 4, 5.6], "texture": "#4_2"},
				"south": {"uv": [2, 3, 4, 5.6], "texture": "#4_2"},
				"west": {"uv": [2, 3, 4, 5.6], "texture": "#4_2"},
				"up": {"uv": [2, 3, 4, 5.6], "texture": "#4_2"},
				"down": {"uv": [2, 3, 4, 5.6], "texture": "#4_2"}
			}
		}
	],
	"display": {
		"thirdperson_righthand": {
			"rotation": [75, 45, 0],
			"translation": [0, 2.5, 0],
			"scale": [0.375, 0.375, 0.375]
		},
		"thirdperson_lefthand": {
			"rotation": [75, 45, 0],
			"translation": [0, 2.5, 0],
			"scale": [0.375, 0.375, 0.375]
		},
		"firstperson_righthand": {
			"rotation": [0, 45, 0],
			"scale": [0.4, 0.4, 0.4]
		},
		"firstperson_lefthand": {
			"rotation": [0, 225, 0],
			"scale": [0.4, 0.4, 0.4]
		},
		"ground": {
			"scale": [0.5, 0.5, 0.5]
		},
		"gui": {
			"rotation": [30, 225, 0],
			"scale": [0.625, 0.625, 0.625]
		},
		"head": {
			"translation": [0, 14.25, 0]
		},
		"fixed": {
			"translation": [0, 0, -15.25],
			"scale": [2.00586, 2.03125, 2.00977]
		}
	},
	"groups": [
		{
			"name": "Shelf",
			"origin": [8, 8, 8],
			"children": [0, 1, 2, 3, 4, 5]
		},
		{
			"name": "counter_dark1",
			"origin": [8, 8, 8],
			"children": [6,
				{
					"name": "Handles",
					"origin": [8, 8, 8],
					"children": []
				},
				{
					"name": "Countertop",
					"origin": [8, 8, 8],
					"children": []
				},
				{
					"name": "Verticle Doors",
					"origin": [8, 8, 8],
					"children": [7, 8, 9, 10, 11, 12, 13, 14, 15, 16,
						{
							"name": "Handles",
							"origin": [8, 8, 8],
							"children": [17, 18, 19, 20, 21, 22]
						}
					]
				}
			]
		}
	]
}