{
	"credit": "Made with Blockbench",
	"textures": {
		"0": "block/MizunoArchive/stripped_oak_log",
		"1": "block/MizunoArchive/oak_planks",
		"3": "block/MizunoArchive/light_blue",
		"4": "block/MizunoArchive/light_blue_wool",
		"particle": "block/MizunoArchive/stripped_oak_log"
	},
	"elements": [
		{
			"from": [-5.575, -13.6, 22.3],
			"to": [8.025, 1.4, 23.2],
			"faces": {
				"north": {"uv": [0, 0, 13.6, 15], "texture": "#1"},
				"east": {"uv": [1, 0, 14.6, 15], "texture": "#1"},
				"south": {"uv": [1, 0, 14.6, 15], "texture": "#1"},
				"west": {"uv": [1, 0, 14.6, 15], "texture": "#1"},
				"up": {"uv": [1, 0, 14.6, 15], "texture": "#1"},
				"down": {"uv": [0, 0, 13.6, 0.9], "texture": "#1"}
			}
		},
		{
			"from": [-3.575, 2.4, 22.3],
			"to": [8.025, 3.4, 23.2],
			"faces": {
				"north": {"uv": [4, 2, 15.6, 3], "texture": "#1"},
				"east": {"uv": [4, 2, 15.6, 3], "texture": "#1"},
				"south": {"uv": [4, 2, 15.6, 3], "texture": "#1"},
				"west": {"uv": [4, 2, 15.6, 3], "texture": "#1"},
				"up": {"uv": [4, 2, 15.6, 3], "texture": "#1"},
				"down": {"uv": [4, 2, 15.6, 3], "texture": "#1"}
			}
		},
		{
			"from": [7.975, 2.4, 22.3],
			"to": [19.575, 3.4, 23.2],
			"faces": {
				"north": {"uv": [4, 2, 15.6, 3], "texture": "#1"},
				"east": {"uv": [4, 2, 15.6, 3], "texture": "#1"},
				"south": {"uv": [4, 2, 15.6, 3], "texture": "#1"},
				"west": {"uv": [4, 2, 15.6, 3], "texture": "#1"},
				"up": {"uv": [4, 2, 15.6, 3], "texture": "#1"},
				"down": {"uv": [4, 2, 15.6, 3], "texture": "#1"}
			}
		},
		{
			"from": [-2.575, 3.4, 22.3],
			"to": [8.025, 4.4, 23.2],
			"faces": {
				"north": {"uv": [1, 1, 11.6, 2], "texture": "#1"},
				"east": {"uv": [1, 1, 11.6, 2], "texture": "#1"},
				"south": {"uv": [1, 1, 11.6, 2], "texture": "#1"},
				"west": {"uv": [1, 1, 11.6, 2], "texture": "#1"},
				"up": {"uv": [1, 1, 11.6, 2], "texture": "#1"},
				"down": {"uv": [1, 1, 11.6, 2], "texture": "#1"}
			}
		},
		{
			"from": [7.975, 3.4, 22.3],
			"to": [18.575, 4.4, 23.2],
			"faces": {
				"north": {"uv": [4, 1, 14.6, 2], "texture": "#1"},
				"east": {"uv": [4, 1, 14.6, 2], "texture": "#1"},
				"south": {"uv": [4, 1, 14.6, 2], "texture": "#1"},
				"west": {"uv": [4, 1, 14.6, 2], "texture": "#1"},
				"up": {"uv": [4, 1, 14.6, 2], "texture": "#1"},
				"down": {"uv": [4, 1, 14.6, 2], "texture": "#1"}
			}
		},
		{
			"from": [-1.275, 4.4, 22.3],
			"to": [8.025, 5.4, 23.2],
			"faces": {
				"north": {"uv": [0, 12, 9.299, 13], "texture": "#1"},
				"east": {"uv": [0, 12, 9.299, 13], "texture": "#1"},
				"south": {"uv": [0, 12, 9.299, 13], "texture": "#1"},
				"west": {"uv": [0, 12, 9.299, 13], "texture": "#1"},
				"up": {"uv": [0, 12, 9.299, 13], "texture": "#1"},
				"down": {"uv": [0, 12, 9.299, 13], "texture": "#1"}
			}
		},
		{
			"from": [7.975, 4.4, 22.3],
			"to": [17.275, 5.4, 23.2],
			"faces": {
				"north": {"uv": [0, 12, 9.299, 13], "texture": "#1"},
				"east": {"uv": [0, 12, 9.299, 13], "texture": "#1"},
				"south": {"uv": [0, 12, 9.299, 13], "texture": "#1"},
				"west": {"uv": [0, 12, 9.299, 13], "texture": "#1"},
				"up": {"uv": [0, 12, 9.299, 13], "texture": "#1"},
				"down": {"uv": [0, 12, 9.299, 13], "texture": "#1"}
			}
		},
		{
			"from": [1.225, 5.4, 22.3],
			"to": [5.775, 6.4, 23.2],
			"faces": {
				"north": {"uv": [0, 7, 4.549, 8], "texture": "#1"},
				"east": {"uv": [0, 7, 4.549, 8], "texture": "#1"},
				"south": {"uv": [0, 7, 4.549, 8], "texture": "#1"},
				"west": {"uv": [0, 7, 4.549, 8], "texture": "#1"},
				"up": {"uv": [0, 7, 4.549, 8], "texture": "#1"},
				"down": {"uv": [0, 7, 4.549, 8], "texture": "#1"}
			}
		},
		{
			"from": [10.225, 5.4, 22.3],
			"to": [14.775, 6.4, 23.2],
			"faces": {
				"north": {"uv": [0, 7, 4.549, 8], "texture": "#1"},
				"east": {"uv": [0, 7, 4.549, 8], "texture": "#1"},
				"south": {"uv": [0, 7, 4.549, 8], "texture": "#1"},
				"west": {"uv": [0, 7, 4.549, 8], "texture": "#1"},
				"up": {"uv": [0, 7, 4.549, 8], "texture": "#1"},
				"down": {"uv": [0, 7, 4.549, 8], "texture": "#1"}
			}
		},
		{
			"from": [-4.575, 1.4, 22.3],
			"to": [8.025, 2.4, 23.2],
			"faces": {
				"north": {"uv": [2, 3, 14.6, 4], "texture": "#1"},
				"east": {"uv": [2, 3, 14.6, 4], "texture": "#1"},
				"south": {"uv": [2, 3, 14.6, 4], "texture": "#1"},
				"west": {"uv": [2, 3, 14.6, 4], "texture": "#1"},
				"up": {"uv": [2, 3, 14.6, 4], "texture": "#1"},
				"down": {"uv": [2, 3, 14.6, 4], "texture": "#1"}
			}
		},
		{
			"from": [7.975, 1.4, 22.3],
			"to": [20.575, 2.4, 23.2],
			"faces": {
				"north": {"uv": [1, 3, 13.6, 4], "texture": "#1"},
				"east": {"uv": [1, 3, 13.6, 4], "texture": "#1"},
				"south": {"uv": [1, 3, 13.6, 4], "texture": "#1"},
				"west": {"uv": [1, 3, 13.6, 4], "texture": "#1"},
				"up": {"uv": [1, 3, 13.6, 4], "texture": "#1"},
				"down": {"uv": [1, 3, 13.6, 4], "texture": "#1"}
			}
		},
		{
			"from": [8.025, -13.6, 22.3],
			"to": [21.525, 1.4, 23.2],
			"faces": {
				"north": {"uv": [1, 0, 14.5, 15], "texture": "#1"},
				"east": {"uv": [1, 0, 14.5, 15], "texture": "#1"},
				"south": {"uv": [1, 0, 14.5, 15], "texture": "#1"},
				"west": {"uv": [1, 0, 14.5, 15], "texture": "#1"},
				"up": {"uv": [1, 0, 14.5, 15], "texture": "#1"},
				"down": {"uv": [0, 0, 13.6, 0.9], "texture": "#1"}
			}
		},
		{
			"from": [-13.20362, 1.4, 21.8],
			"to": [-6.70362, 2.4, 23.3],
			"rotation": {"angle": 45, "axis": "z", "origin": [-7.70362, 9.4, 30.3]},
			"faces": {
				"north": {"uv": [5, 7, 11.5, 8], "texture": "#0"},
				"east": {"uv": [5, 7, 11.5, 8], "texture": "#0"},
				"south": {"uv": [5, 7, 11.5, 8], "texture": "#0"},
				"west": {"uv": [5, 7, 11.5, 8], "texture": "#0"},
				"up": {"uv": [5, 7, 11.5, 8], "texture": "#0"},
				"down": {"uv": [5, 7, 11.5, 8], "texture": "#0"}
			}
		},
		{
			"from": [-5.14421, 5.72927, 21.801],
			"to": [-0.64421, 6.72927, 23.301],
			"rotation": {"angle": 22.5, "axis": "z", "origin": [0.35579, 13.72927, 30.3]},
			"faces": {
				"north": {"uv": [5, 6, 9.5, 7], "texture": "#0"},
				"east": {"uv": [5, 6, 9.5, 7], "texture": "#0"},
				"south": {"uv": [5, 6, 9.5, 7], "texture": "#0"},
				"west": {"uv": [5, 6, 9.5, 7], "texture": "#0"},
				"up": {"uv": [5, 6, 9.5, 7], "texture": "#0"},
				"down": {"uv": [5, 6, 9.5, 7], "texture": "#0"}
			}
		},
		{
			"from": [2.11069, 5.87943, 21.8],
			"to": [4.81069, 6.87943, 23.3],
			"faces": {
				"north": {"uv": [6, 5, 8.7, 6], "texture": "#0"},
				"east": {"uv": [6, 5, 8.7, 6], "texture": "#0"},
				"south": {"uv": [6, 5, 8.7, 6], "texture": "#0"},
				"west": {"uv": [6, 5, 8.7, 6], "texture": "#0"},
				"up": {"uv": [6, 5, 8.7, 6], "texture": "#0"},
				"down": {"uv": [6, 5, 8.7, 6], "texture": "#0"}
			}
		},
		{
			"from": [7.05559, 3.1653, 21.801],
			"to": [10.50559, 4.1653, 23.301],
			"rotation": {"angle": -22.5, "axis": "z", "origin": [12.75559, 11.1653, 30.3]},
			"faces": {
				"north": {"uv": [5, 7, 8.45, 8], "texture": "#0"},
				"east": {"uv": [5, 7, 8.45, 8], "texture": "#0"},
				"south": {"uv": [5, 7, 8.45, 8], "texture": "#0"},
				"west": {"uv": [5, 7, 8.45, 8], "texture": "#0"},
				"up": {"uv": [5, 7, 8.45, 8], "texture": "#0"},
				"down": {"uv": [5, 7, 8.45, 8], "texture": "#0"}
			}
		},
		{
			"from": [7.61539, 4.6353, 21.8],
			"to": [8.41539, 5.6353, 23.3],
			"faces": {
				"north": {"uv": [6, 5, 6.799, 6], "texture": "#0"},
				"east": {"uv": [6, 5, 6.799, 6], "texture": "#0"},
				"south": {"uv": [6, 5, 6.799, 6], "texture": "#0"},
				"west": {"uv": [6, 5, 6.799, 6], "texture": "#0"},
				"up": {"uv": [6, 5, 6.799, 6], "texture": "#0"},
				"down": {"uv": [6, 5, 6.799, 6], "texture": "#0"}
			}
		},
		{
			"from": [5.49056, 3.1653, 21.801],
			"to": [8.94056, 4.1653, 23.301],
			"rotation": {"angle": 22.5, "axis": "z", "origin": [3.24056, 11.1653, 30.3]},
			"faces": {
				"north": {"uv": [3, 5, 6.45, 6], "texture": "#0"},
				"east": {"uv": [3, 5, 6.45, 6], "texture": "#0"},
				"south": {"uv": [3, 5, 6.45, 6], "texture": "#0"},
				"west": {"uv": [3, 5, 6.45, 6], "texture": "#0"},
				"up": {"uv": [3, 5, 6.45, 6], "texture": "#0"},
				"down": {"uv": [3, 5, 6.45, 6], "texture": "#0"}
			}
		},
		{
			"from": [11.18546, 5.87943, 21.8],
			"to": [13.88546, 6.87943, 23.3],
			"faces": {
				"north": {"uv": [5, 6, 7.7, 7], "texture": "#0"},
				"east": {"uv": [5, 6, 7.7, 7], "texture": "#0"},
				"south": {"uv": [5, 6, 7.7, 7], "texture": "#0"},
				"west": {"uv": [5, 6, 7.7, 7], "texture": "#0"},
				"up": {"uv": [5, 6, 7.7, 7], "texture": "#0"},
				"down": {"uv": [5, 6, 7.7, 7], "texture": "#0"}
			}
		},
		{
			"from": [16.64036, 5.72927, 21.801],
			"to": [21.14036, 6.72927, 23.301],
			"rotation": {"angle": -22.5, "axis": "z", "origin": [15.64036, 13.72927, 30.3]},
			"faces": {
				"north": {"uv": [4, 6, 8.5, 7], "texture": "#0"},
				"east": {"uv": [4, 6, 8.5, 7], "texture": "#0"},
				"south": {"uv": [4, 6, 8.5, 7], "texture": "#0"},
				"west": {"uv": [4, 6, 8.5, 7], "texture": "#0"},
				"up": {"uv": [4, 6, 8.5, 7], "texture": "#0"},
				"down": {"uv": [4, 6, 8.5, 7], "texture": "#0"}
			}
		},
		{
			"from": [22.69977, 1.4, 21.8],
			"to": [29.19977, 2.4, 23.3],
			"rotation": {"angle": -45, "axis": "z", "origin": [23.69977, 9.4, 30.3]},
			"faces": {
				"north": {"uv": [4, 4, 10.5, 5], "texture": "#0"},
				"east": {"uv": [4, 4, 10.5, 5], "texture": "#0"},
				"south": {"uv": [4, 4, 10.5, 5], "texture": "#0"},
				"west": {"uv": [4, 4, 10.5, 5], "texture": "#0"},
				"up": {"uv": [4, 4, 10.5, 5], "texture": "#0"},
				"down": {"uv": [4, 4, 10.5, 5], "texture": "#0"}
			}
		},
		{
			"from": [9, -1, 12.5],
			"to": [20, -0.5, 18.5],
			"rotation": {"angle": -22.5, "axis": "x", "origin": [3.5, 6, 20]},
			"faces": {
				"north": {"uv": [2.25, 1.75, 4.75, 1.95], "texture": "#3"},
				"east": {"uv": [2.25, 1.75, 4.75, 1.95], "texture": "#3"},
				"south": {"uv": [2.25, 1.75, 4.75, 1.95], "texture": "#3"},
				"west": {"uv": [2.25, 1.75, 4.75, 1.95], "texture": "#3"},
				"up": {"uv": [2.25, 1.75, 4.75, 3.25], "rotation": 180, "texture": "#3"},
				"down": {"uv": [2.25, 1.75, 4.75, 3.15], "texture": "#3"}
			}
		},
		{
			"from": [8.5, -3, 12],
			"to": [20.5, -1, 19],
			"rotation": {"angle": -22.5, "axis": "x", "origin": [3.5, 6, 20]},
			"faces": {
				"north": {"uv": [2.25, 1.75, 4.75, 1.95], "texture": "#3"},
				"east": {"uv": [2.25, 1.75, 4.75, 1.95], "texture": "#3"},
				"south": {"uv": [2.25, 1.75, 4.75, 1.95], "texture": "#3"},
				"west": {"uv": [2.25, 1.75, 4.75, 1.95], "texture": "#3"},
				"up": {"uv": [2.25, 1.75, 4.75, 1.95], "texture": "#3"},
				"down": {"uv": [2.25, 1.75, 4.75, 1.95], "texture": "#3"}
			}
		},
		{
			"from": [-4, -1, 12.5],
			"to": [7, -0.5, 18.5],
			"rotation": {"angle": -22.5, "axis": "x", "origin": [3.5, 6, 20]},
			"faces": {
				"north": {"uv": [2.25, 1.75, 4.75, 1.95], "texture": "#3"},
				"east": {"uv": [2.25, 1.75, 4.75, 1.95], "texture": "#3"},
				"south": {"uv": [2.25, 1.75, 4.75, 1.95], "texture": "#3"},
				"west": {"uv": [2.25, 1.75, 4.75, 1.95], "texture": "#3"},
				"up": {"uv": [2.25, 1.75, 4.75, 3.25], "rotation": 180, "texture": "#3"},
				"down": {"uv": [2.25, 1.75, 4.75, 3.15], "texture": "#3"}
			}
		},
		{
			"from": [-4.5, -3, 12],
			"to": [7.5, -1, 19],
			"rotation": {"angle": -22.5, "axis": "x", "origin": [3.5, 6, 20]},
			"faces": {
				"north": {"uv": [2.25, 1.75, 4.75, 1.95], "texture": "#3"},
				"east": {"uv": [2.25, 1.75, 4.75, 1.95], "texture": "#3"},
				"south": {"uv": [2.25, 1.75, 4.75, 1.95], "texture": "#3"},
				"west": {"uv": [2.25, 1.75, 4.75, 1.95], "texture": "#3"},
				"up": {"uv": [2.25, 1.75, 4.75, 1.95], "texture": "#3"},
				"down": {"uv": [2.25, 1.75, 4.75, 1.95], "texture": "#3"}
			}
		},
		{
			"from": [-6.59, -8.2, -7.39],
			"to": [8.09, -5.41, -5.45],
			"faces": {
				"north": {"uv": [1, 7.5, 5, 8.25], "rotation": 180, "texture": "#3"},
				"east": {"uv": [0, 0, 16, 3.1], "texture": "#missing"},
				"south": {"uv": [0, 0, 16, 3.1], "texture": "#missing"},
				"west": {"uv": [0, 0, 16, 3.1], "texture": "#missing"},
				"up": {"uv": [0, 0, 16, 16], "texture": "#missing"},
				"down": {"uv": [0, 0, 16, 16], "texture": "#missing"}
			}
		},
		{
			"from": [-6.49, -13.2, -6.49],
			"to": [8, -4.5, 7.55],
			"faces": {
				"north": {"uv": [1, 7, 5, 10.75], "texture": "#3"},
				"east": {"uv": [1, 7, 5, 10.75], "texture": "#3"},
				"south": {"uv": [1, 7, 5, 10.75], "texture": "#3"},
				"west": {"uv": [1, 7, 5, 10.75], "texture": "#3"},
				"up": {"uv": [1, 7, 5, 10.75], "texture": "#3"},
				"down": {"uv": [1, 7, 5, 10.75], "texture": "#3"}
			}
		},
		{
			"from": [-6.49, -3.7928, -15.90072],
			"to": [8, -2.8928, -14.61157],
			"rotation": {"angle": -45, "axis": "x", "origin": [15.2, 6.1072, -8.61072]},
			"faces": {
				"north": {"uv": [0, 0, 16, 1], "texture": "#missing"},
				"east": {"uv": [0, 0, 2.5435, 1], "texture": "#missing"},
				"south": {"uv": [0, 0, 16, 1], "texture": "#missing"},
				"west": {"uv": [0, 0, 2.5435, 1], "texture": "#missing"},
				"up": {"uv": [1, 7.5, 5, 8.25], "texture": "#3"},
				"down": {"uv": [0, 0, 16, 2.5435], "texture": "#missing"}
			}
		},
		{
			"from": [-15.90072, -3.7928, -6.54],
			"to": [-14.61157, -2.8928, 7.5],
			"rotation": {"angle": 45, "axis": "z", "origin": [-8.61072, 6.1072, 15.2]},
			"faces": {
				"north": {"uv": [2.5435, 0, 0, 1], "texture": "#missing"},
				"east": {"uv": [16, 0, 0, 1], "texture": "#missing"},
				"south": {"uv": [2.5435, 0, 0, 1], "texture": "#missing"},
				"west": {"uv": [16, 0, 0, 1], "texture": "#missing"},
				"up": {"uv": [4.25, 7, 5, 10.75], "texture": "#3"},
				"down": {"uv": [0, 2.5435, 16, 0], "rotation": 270, "texture": "#missing"}
			}
		},
		{
			"from": [30.61157, -3.7928, -6.44],
			"to": [31.90072, -2.8928, 7.5],
			"rotation": {"angle": -45, "axis": "z", "origin": [24.61072, 6.1072, 15.2]},
			"faces": {
				"north": {"uv": [0, 0, 2.5435, 1], "texture": "#missing"},
				"east": {"uv": [0, 0, 16, 1], "texture": "#missing"},
				"south": {"uv": [0, 0, 2.5435, 1], "texture": "#missing"},
				"west": {"uv": [0, 0, 16, 1], "texture": "#missing"},
				"up": {"uv": [5, 7, 4.25, 10.75], "texture": "#3"},
				"down": {"uv": [0, 0, 16, 2.5435], "rotation": 270, "texture": "#missing"}
			}
		},
		{
			"from": [-15.90072, -3.7928, 7.46],
			"to": [-14.61157, -2.8928, 22.4],
			"rotation": {"angle": 45, "axis": "z", "origin": [-8.61072, 6.1072, 15.2]},
			"faces": {
				"north": {"uv": [2.5435, 0, 0, 1], "texture": "#missing"},
				"east": {"uv": [16, 0, 0, 1], "texture": "#missing"},
				"south": {"uv": [2.5435, 0, 0, 1], "texture": "#missing"},
				"west": {"uv": [16, 0, 0, 1], "texture": "#missing"},
				"up": {"uv": [4.25, 7, 5, 10.75], "texture": "#3"},
				"down": {"uv": [0, 2.5435, 16, 0], "rotation": 270, "texture": "#missing"}
			}
		},
		{
			"from": [30.61157, -3.7928, 7.46],
			"to": [31.90072, -2.8928, 22.4],
			"rotation": {"angle": -45, "axis": "z", "origin": [24.61072, 6.1072, 15.2]},
			"faces": {
				"north": {"uv": [0, 0, 2.5435, 1], "texture": "#missing"},
				"east": {"uv": [0, 0, 16, 1], "texture": "#missing"},
				"south": {"uv": [0, 0, 2.5435, 1], "texture": "#missing"},
				"west": {"uv": [0, 0, 16, 1], "texture": "#missing"},
				"up": {"uv": [5, 7, 4.25, 10.75], "texture": "#3"},
				"down": {"uv": [0, 0, 16, 2.5435], "rotation": 270, "texture": "#missing"}
			}
		},
		{
			"from": [-6.49, -13.2, 7.45],
			"to": [8, -4.5, 22.4],
			"faces": {
				"north": {"uv": [1, 7, 5, 10.75], "texture": "#3"},
				"east": {"uv": [1, 7, 5, 10.75], "texture": "#3"},
				"south": {"uv": [1, 7, 5, 10.75], "texture": "#3"},
				"west": {"uv": [1, 7, 5, 10.75], "texture": "#3"},
				"up": {"uv": [1, 7, 5, 10.75], "texture": "#3"},
				"down": {"uv": [1, 7, 5, 10.75], "texture": "#3"}
			}
		},
		{
			"from": [-7.39, -8.2, 7.46],
			"to": [-5.91, -5.41, 22.4],
			"faces": {
				"north": {"uv": [0, 0, 16, 3.1], "texture": "#missing"},
				"east": {"uv": [0, 0, 16, 3.1], "texture": "#missing"},
				"south": {"uv": [0, 0, 16, 3.1], "texture": "#missing"},
				"west": {"uv": [4.5, 7, 5.25, 10.75], "rotation": 270, "texture": "#3"},
				"up": {"uv": [0, 0, 16, 16], "texture": "#missing"},
				"down": {"uv": [0, 0, 16, 16], "texture": "#missing"}
			}
		},
		{
			"from": [21.91, -8.2, 7.46],
			"to": [23.39, -5.41, 22.4],
			"faces": {
				"north": {"uv": [16, 0, 0, 3.1], "texture": "#missing"},
				"east": {"uv": [4.5, 10.75, 5.25, 7], "rotation": 270, "texture": "#3"},
				"south": {"uv": [16, 0, 0, 3.1], "texture": "#missing"},
				"west": {"uv": [16, 0, 0, 3.1], "texture": "#missing"},
				"up": {"uv": [16, 0, 0, 16], "texture": "#missing"},
				"down": {"uv": [16, 0, 0, 16], "texture": "#missing"}
			}
		},
		{
			"from": [-7.39, -8.2, -6.54],
			"to": [-5.91, -5.41, 7.5],
			"faces": {
				"north": {"uv": [0, 0, 16, 3.1], "texture": "#missing"},
				"east": {"uv": [0, 0, 16, 3.1], "texture": "#missing"},
				"south": {"uv": [0, 0, 16, 3.1], "texture": "#missing"},
				"west": {"uv": [4.5, 7, 5.25, 10.75], "rotation": 270, "texture": "#3"},
				"up": {"uv": [0, 0, 16, 16], "texture": "#missing"},
				"down": {"uv": [0, 0, 16, 16], "texture": "#missing"}
			}
		},
		{
			"from": [21.91, -8.2, -6.54],
			"to": [23.39, -5.41, 7.6],
			"faces": {
				"north": {"uv": [16, 0, 0, 3.1], "texture": "#missing"},
				"east": {"uv": [4.5, 10.75, 5.25, 7], "rotation": 270, "texture": "#3"},
				"south": {"uv": [16, 0, 0, 3.1], "texture": "#missing"},
				"west": {"uv": [16, 0, 0, 3.1], "texture": "#missing"},
				"up": {"uv": [16, 0, 0, 16], "texture": "#missing"},
				"down": {"uv": [16, 0, 0, 16], "texture": "#missing"}
			}
		},
		{
			"from": [7.91, -8.2, -7.39],
			"to": [22.59, -5.41, -5.45],
			"faces": {
				"north": {"uv": [1, 7.5, 5, 8.25], "rotation": 180, "texture": "#3"},
				"east": {"uv": [0, 0, 16, 3.1], "texture": "#missing"},
				"south": {"uv": [0, 0, 16, 3.1], "texture": "#missing"},
				"west": {"uv": [0, 0, 16, 3.1], "texture": "#missing"},
				"up": {"uv": [0, 0, 16, 16], "texture": "#missing"},
				"down": {"uv": [0, 0, 16, 16], "texture": "#missing"}
			}
		},
		{
			"from": [8, -13.2, -6.49],
			"to": [22.49, -4.5, 7.55],
			"faces": {
				"north": {"uv": [1, 7, 5, 10.75], "texture": "#3"},
				"east": {"uv": [1, 7, 5, 10.75], "texture": "#3"},
				"south": {"uv": [1, 7, 5, 10.75], "texture": "#3"},
				"west": {"uv": [1, 7, 5, 10.75], "texture": "#3"},
				"up": {"uv": [1, 7, 5, 10.75], "texture": "#3"},
				"down": {"uv": [1, 7, 5, 10.75], "texture": "#3"}
			}
		},
		{
			"from": [8, -3.7928, -15.90072],
			"to": [22.49, -2.8928, -14.61157],
			"rotation": {"angle": -45, "axis": "x", "origin": [15.2, 6.1072, -8.61072]},
			"faces": {
				"north": {"uv": [0, 0, 16, 1], "texture": "#missing"},
				"east": {"uv": [0, 0, 2.5435, 1], "texture": "#missing"},
				"south": {"uv": [0, 0, 16, 1], "texture": "#missing"},
				"west": {"uv": [0, 0, 2.5435, 1], "texture": "#missing"},
				"up": {"uv": [1, 7.5, 5, 8.25], "texture": "#3"},
				"down": {"uv": [0, 0, 16, 2.5435], "texture": "#missing"}
			}
		},
		{
			"from": [8, -13.2, 7.45],
			"to": [22.49, -4.5, 22.4],
			"faces": {
				"north": {"uv": [1, 7, 5, 10.75], "texture": "#3"},
				"east": {"uv": [1, 7, 5, 10.75], "texture": "#3"},
				"south": {"uv": [1, 7, 5, 10.75], "texture": "#3"},
				"west": {"uv": [1, 7, 5, 10.75], "texture": "#3"},
				"up": {"uv": [1, 7, 5, 10.75], "texture": "#3"},
				"down": {"uv": [1, 7, 5, 10.75], "texture": "#3"}
			}
		},
		{
			"from": [6.65, -13.6, -7.3],
			"to": [9.35, -5.5, -6.4],
			"faces": {
				"north": {"uv": [3.25, 2, 5.95, 10.1], "rotation": 180, "texture": "#4"},
				"east": {"uv": [3.25, 2, 5.95, 10.1], "rotation": 180, "texture": "#4"},
				"south": {"uv": [3.25, 2, 5.95, 10.1], "rotation": 180, "texture": "#4"},
				"west": {"uv": [3.25, 2, 5.95, 10.1], "rotation": 180, "texture": "#4"},
				"up": {"uv": [3.25, 2, 5.95, 10.1], "rotation": 180, "texture": "#4"},
				"down": {"uv": [3.25, 2, 5.95, 10.1], "rotation": 180, "texture": "#4"}
			}
		},
		{
			"from": [3.95, -13.6, -6.85],
			"to": [6.65, -5.635, -5.95],
			"faces": {
				"north": {"uv": [3.25, 2, 5.95, 9.965], "rotation": 180, "texture": "#4"},
				"east": {"uv": [3.25, 2, 5.95, 9.965], "rotation": 180, "texture": "#4"},
				"south": {"uv": [3.25, 2, 5.95, 9.965], "rotation": 180, "texture": "#4"},
				"west": {"uv": [3.25, 2, 5.95, 9.965], "rotation": 180, "texture": "#4"},
				"up": {"uv": [3.25, 2, 5.95, 9.965], "rotation": 180, "texture": "#4"},
				"down": {"uv": [3.25, 2, 5.95, 9.965], "rotation": 180, "texture": "#4"}
			}
		},
		{
			"from": [9.35, -13.6, -6.85],
			"to": [12.05, -5.635, -5.95],
			"faces": {
				"north": {"uv": [3.25, 2, 5.95, 9.965], "rotation": 180, "texture": "#4"},
				"east": {"uv": [3.25, 2, 5.95, 9.965], "rotation": 180, "texture": "#4"},
				"south": {"uv": [3.25, 2, 5.95, 9.965], "rotation": 180, "texture": "#4"},
				"west": {"uv": [3.25, 2, 5.95, 9.965], "rotation": 180, "texture": "#4"},
				"up": {"uv": [3.25, 2, 5.95, 9.965], "rotation": 180, "texture": "#4"},
				"down": {"uv": [3.25, 2, 5.95, 9.965], "rotation": 180, "texture": "#4"}
			}
		},
		{
			"from": [1.25, -13.6, -7.3],
			"to": [3.95, -5.5, -6.4],
			"faces": {
				"north": {"uv": [3.25, 2, 5.95, 10.1], "rotation": 180, "texture": "#4"},
				"east": {"uv": [3.25, 2, 5.95, 10.1], "rotation": 180, "texture": "#4"},
				"south": {"uv": [3.25, 2, 5.95, 10.1], "rotation": 180, "texture": "#4"},
				"west": {"uv": [3.25, 2, 5.95, 10.1], "rotation": 180, "texture": "#4"},
				"up": {"uv": [3.25, 2, 5.95, 10.1], "rotation": 180, "texture": "#4"},
				"down": {"uv": [3.25, 2, 5.95, 10.1], "rotation": 180, "texture": "#4"}
			}
		},
		{
			"from": [12.05, -13.6, -7.3],
			"to": [14.75, -5.5, -6.4],
			"faces": {
				"north": {"uv": [3.25, 2, 5.95, 10.1], "rotation": 180, "texture": "#4"},
				"east": {"uv": [3.25, 2, 5.95, 10.1], "rotation": 180, "texture": "#4"},
				"south": {"uv": [3.25, 2, 5.95, 10.1], "rotation": 180, "texture": "#4"},
				"west": {"uv": [3.25, 2, 5.95, 10.1], "rotation": 180, "texture": "#4"},
				"up": {"uv": [3.25, 2, 5.95, 10.1], "rotation": 180, "texture": "#4"},
				"down": {"uv": [3.25, 2, 5.95, 10.1], "rotation": 180, "texture": "#4"}
			}
		},
		{
			"from": [-1.45, -13.6, -6.85],
			"to": [1.25, -5.635, -5.95],
			"faces": {
				"north": {"uv": [3.25, 2, 5.95, 9.965], "rotation": 180, "texture": "#4"},
				"east": {"uv": [3.25, 2, 5.95, 9.965], "rotation": 180, "texture": "#4"},
				"south": {"uv": [3.25, 2, 5.95, 9.965], "rotation": 180, "texture": "#4"},
				"west": {"uv": [3.25, 2, 5.95, 9.965], "rotation": 180, "texture": "#4"},
				"up": {"uv": [3.25, 2, 5.95, 9.965], "rotation": 180, "texture": "#4"},
				"down": {"uv": [3.25, 2, 5.95, 9.965], "rotation": 180, "texture": "#4"}
			}
		},
		{
			"from": [14.75, -13.6, -6.85],
			"to": [17.45, -5.635, -5.95],
			"faces": {
				"north": {"uv": [3.25, 2, 5.95, 9.965], "rotation": 180, "texture": "#4"},
				"east": {"uv": [3.25, 2, 5.95, 9.965], "rotation": 180, "texture": "#4"},
				"south": {"uv": [3.25, 2, 5.95, 9.965], "rotation": 180, "texture": "#4"},
				"west": {"uv": [3.25, 2, 5.95, 9.965], "rotation": 180, "texture": "#4"},
				"up": {"uv": [3.25, 2, 5.95, 9.965], "rotation": 180, "texture": "#4"},
				"down": {"uv": [3.25, 2, 5.95, 9.965], "rotation": 180, "texture": "#4"}
			}
		},
		{
			"from": [-4.15, -13.6, -7.3],
			"to": [-1.45, -5.5, -6.4],
			"faces": {
				"north": {"uv": [3.25, 2, 5.95, 10.1], "rotation": 180, "texture": "#4"},
				"east": {"uv": [3.25, 2, 5.95, 10.1], "rotation": 180, "texture": "#4"},
				"south": {"uv": [3.25, 2, 5.95, 10.1], "rotation": 180, "texture": "#4"},
				"west": {"uv": [3.25, 2, 5.95, 10.1], "rotation": 180, "texture": "#4"},
				"up": {"uv": [3.25, 2, 5.95, 10.1], "rotation": 180, "texture": "#4"},
				"down": {"uv": [3.25, 2, 5.95, 10.1], "rotation": 180, "texture": "#4"}
			}
		},
		{
			"from": [17.45, -13.6, -7.3],
			"to": [20.15, -5.5, -6.4],
			"faces": {
				"north": {"uv": [3.25, 2, 5.95, 10.1], "rotation": 180, "texture": "#4"},
				"east": {"uv": [3.25, 2, 5.95, 10.1], "rotation": 180, "texture": "#4"},
				"south": {"uv": [3.25, 2, 5.95, 10.1], "rotation": 180, "texture": "#4"},
				"west": {"uv": [3.25, 2, 5.95, 10.1], "rotation": 180, "texture": "#4"},
				"up": {"uv": [3.25, 2, 5.95, 10.1], "rotation": 180, "texture": "#4"},
				"down": {"uv": [3.25, 2, 5.95, 10.1], "rotation": 180, "texture": "#4"}
			}
		},
		{
			"from": [-6.05, -13.6, -6.85],
			"to": [-4.15, -5.635, -5.95],
			"faces": {
				"north": {"uv": [3.25, 2, 5.15, 9.965], "rotation": 180, "texture": "#4"},
				"east": {"uv": [3.25, 2, 5.15, 9.965], "rotation": 180, "texture": "#4"},
				"south": {"uv": [3.25, 2, 5.15, 9.965], "rotation": 180, "texture": "#4"},
				"west": {"uv": [3.25, 2, 5.15, 9.965], "rotation": 180, "texture": "#4"},
				"up": {"uv": [3.25, 2, 5.15, 9.965], "rotation": 180, "texture": "#4"},
				"down": {"uv": [3.25, 2, 5.15, 9.965], "rotation": 180, "texture": "#4"}
			}
		},
		{
			"from": [20.15, -13.6, -6.85],
			"to": [22.05, -5.635, -5.95],
			"faces": {
				"north": {"uv": [3.25, 2, 5.15, 9.965], "rotation": 180, "texture": "#4"},
				"east": {"uv": [3.25, 2, 5.15, 9.965], "rotation": 180, "texture": "#4"},
				"south": {"uv": [3.25, 2, 5.15, 9.965], "rotation": 180, "texture": "#4"},
				"west": {"uv": [3.25, 2, 5.15, 9.965], "rotation": 180, "texture": "#4"},
				"up": {"uv": [3.25, 2, 5.15, 9.965], "rotation": 180, "texture": "#4"},
				"down": {"uv": [3.25, 2, 5.15, 9.965], "rotation": 180, "texture": "#4"}
			}
		},
		{
			"from": [21.95, -13.6, 6.2],
			"to": [22.85, -5.5, 8.9],
			"faces": {
				"north": {"uv": [3.25, 2, 4.15, 10.1], "rotation": 180, "texture": "#4"},
				"east": {"uv": [3.25, 2, 4.15, 10.1], "rotation": 180, "texture": "#4"},
				"south": {"uv": [3.25, 2, 4.15, 10.1], "rotation": 180, "texture": "#4"},
				"west": {"uv": [3.25, 2, 4.15, 10.1], "rotation": 180, "texture": "#4"},
				"up": {"uv": [3.25, 2, 4.15, 10.1], "rotation": 180, "texture": "#4"},
				"down": {"uv": [3.25, 2, 4.15, 10.1], "rotation": 180, "texture": "#4"}
			}
		},
		{
			"from": [22.4, -13.6, 3.5],
			"to": [23.3, -5.635, 6.2],
			"faces": {
				"north": {"uv": [3.25, 2, 4.15, 9.965], "rotation": 180, "texture": "#4"},
				"east": {"uv": [3.25, 2, 4.15, 9.965], "rotation": 180, "texture": "#4"},
				"south": {"uv": [3.25, 2, 4.15, 9.965], "rotation": 180, "texture": "#4"},
				"west": {"uv": [3.25, 2, 4.15, 9.965], "rotation": 180, "texture": "#4"},
				"up": {"uv": [3.25, 2, 4.15, 9.965], "rotation": 180, "texture": "#4"},
				"down": {"uv": [3.25, 2, 4.15, 9.965], "rotation": 180, "texture": "#4"}
			}
		},
		{
			"from": [22.4, -13.6, 8.9],
			"to": [23.3, -5.635, 11.6],
			"faces": {
				"north": {"uv": [3.25, 2, 4.15, 9.965], "rotation": 180, "texture": "#4"},
				"east": {"uv": [3.25, 2, 4.15, 9.965], "rotation": 180, "texture": "#4"},
				"south": {"uv": [3.25, 2, 4.15, 9.965], "rotation": 180, "texture": "#4"},
				"west": {"uv": [3.25, 2, 4.15, 9.965], "rotation": 180, "texture": "#4"},
				"up": {"uv": [3.25, 2, 4.15, 9.965], "rotation": 180, "texture": "#4"},
				"down": {"uv": [3.25, 2, 4.15, 9.965], "rotation": 180, "texture": "#4"}
			}
		},
		{
			"from": [21.95, -13.6, 0.8],
			"to": [22.85, -5.5, 3.5],
			"faces": {
				"north": {"uv": [3.25, 2, 4.15, 10.1], "rotation": 180, "texture": "#4"},
				"east": {"uv": [3.25, 2, 4.15, 10.1], "rotation": 180, "texture": "#4"},
				"south": {"uv": [3.25, 2, 4.15, 10.1], "rotation": 180, "texture": "#4"},
				"west": {"uv": [3.25, 2, 4.15, 10.1], "rotation": 180, "texture": "#4"},
				"up": {"uv": [3.25, 2, 4.15, 10.1], "rotation": 180, "texture": "#4"},
				"down": {"uv": [3.25, 2, 4.15, 10.1], "rotation": 180, "texture": "#4"}
			}
		},
		{
			"from": [21.95, -13.6, 11.6],
			"to": [22.85, -5.5, 14.3],
			"faces": {
				"north": {"uv": [3.25, 2, 4.15, 10.1], "rotation": 180, "texture": "#4"},
				"east": {"uv": [3.25, 2, 4.15, 10.1], "rotation": 180, "texture": "#4"},
				"south": {"uv": [3.25, 2, 4.15, 10.1], "rotation": 180, "texture": "#4"},
				"west": {"uv": [3.25, 2, 4.15, 10.1], "rotation": 180, "texture": "#4"},
				"up": {"uv": [3.25, 2, 4.15, 10.1], "rotation": 180, "texture": "#4"},
				"down": {"uv": [3.25, 2, 4.15, 10.1], "rotation": 180, "texture": "#4"}
			}
		},
		{
			"from": [22.4, -13.6, -1.9],
			"to": [23.3, -5.635, 0.8],
			"faces": {
				"north": {"uv": [3.25, 2, 4.15, 9.965], "rotation": 180, "texture": "#4"},
				"east": {"uv": [3.25, 2, 4.15, 9.965], "rotation": 180, "texture": "#4"},
				"south": {"uv": [3.25, 2, 4.15, 9.965], "rotation": 180, "texture": "#4"},
				"west": {"uv": [3.25, 2, 4.15, 9.965], "rotation": 180, "texture": "#4"},
				"up": {"uv": [3.25, 2, 4.15, 9.965], "rotation": 180, "texture": "#4"},
				"down": {"uv": [3.25, 2, 4.15, 9.965], "rotation": 180, "texture": "#4"}
			}
		},
		{
			"from": [22.4, -13.6, 14.3],
			"to": [23.3, -5.635, 17],
			"faces": {
				"north": {"uv": [3.25, 2, 4.15, 9.965], "rotation": 180, "texture": "#4"},
				"east": {"uv": [3.25, 2, 4.15, 9.965], "rotation": 180, "texture": "#4"},
				"south": {"uv": [3.25, 2, 4.15, 9.965], "rotation": 180, "texture": "#4"},
				"west": {"uv": [3.25, 2, 4.15, 9.965], "rotation": 180, "texture": "#4"},
				"up": {"uv": [3.25, 2, 4.15, 9.965], "rotation": 180, "texture": "#4"},
				"down": {"uv": [3.25, 2, 4.15, 9.965], "rotation": 180, "texture": "#4"}
			}
		},
		{
			"from": [21.95, -13.6, -4.6],
			"to": [22.85, -5.5, -1.9],
			"faces": {
				"north": {"uv": [3.25, 2, 4.15, 10.1], "rotation": 180, "texture": "#4"},
				"east": {"uv": [3.25, 2, 4.15, 10.1], "rotation": 180, "texture": "#4"},
				"south": {"uv": [3.25, 2, 4.15, 10.1], "rotation": 180, "texture": "#4"},
				"west": {"uv": [3.25, 2, 4.15, 10.1], "rotation": 180, "texture": "#4"},
				"up": {"uv": [3.25, 2, 4.15, 10.1], "rotation": 180, "texture": "#4"},
				"down": {"uv": [3.25, 2, 4.15, 10.1], "rotation": 180, "texture": "#4"}
			}
		},
		{
			"from": [21.95, -13.6, 17],
			"to": [22.85, -5.5, 19.7],
			"faces": {
				"north": {"uv": [3.25, 2, 4.15, 10.1], "rotation": 180, "texture": "#4"},
				"east": {"uv": [3.25, 2, 4.15, 10.1], "rotation": 180, "texture": "#4"},
				"south": {"uv": [3.25, 2, 4.15, 10.1], "rotation": 180, "texture": "#4"},
				"west": {"uv": [3.25, 2, 4.15, 10.1], "rotation": 180, "texture": "#4"},
				"up": {"uv": [3.25, 2, 4.15, 10.1], "rotation": 180, "texture": "#4"},
				"down": {"uv": [3.25, 2, 4.15, 10.1], "rotation": 180, "texture": "#4"}
			}
		},
		{
			"from": [22.4, -13.6, -6.5],
			"to": [23.3, -5.635, -4.6],
			"faces": {
				"north": {"uv": [3.25, 2, 4.15, 9.965], "rotation": 180, "texture": "#4"},
				"east": {"uv": [3.25, 2, 4.15, 9.965], "rotation": 180, "texture": "#4"},
				"south": {"uv": [3.25, 2, 4.15, 9.965], "rotation": 180, "texture": "#4"},
				"west": {"uv": [3.25, 2, 4.15, 9.965], "rotation": 180, "texture": "#4"},
				"up": {"uv": [3.25, 2, 4.15, 9.965], "rotation": 180, "texture": "#4"},
				"down": {"uv": [3.25, 2, 4.15, 9.965], "rotation": 180, "texture": "#4"}
			}
		},
		{
			"from": [22.4, -13.6, 19.7],
			"to": [23.3, -5.635, 21.6],
			"faces": {
				"north": {"uv": [3.25, 2, 4.15, 9.965], "rotation": 180, "texture": "#4"},
				"east": {"uv": [3.25, 2, 4.15, 9.965], "rotation": 180, "texture": "#4"},
				"south": {"uv": [3.25, 2, 4.15, 9.965], "rotation": 180, "texture": "#4"},
				"west": {"uv": [3.25, 2, 4.15, 9.965], "rotation": 180, "texture": "#4"},
				"up": {"uv": [3.25, 2, 4.15, 9.965], "rotation": 180, "texture": "#4"},
				"down": {"uv": [3.25, 2, 4.15, 9.965], "rotation": 180, "texture": "#4"}
			}
		},
		{
			"from": [-6.85, -13.6, 6.2],
			"to": [-5.95, -5.5, 8.9],
			"faces": {
				"north": {"uv": [3.25, 2, 4.15, 10.1], "rotation": 180, "texture": "#4"},
				"east": {"uv": [3.25, 2, 4.15, 10.1], "rotation": 180, "texture": "#4"},
				"south": {"uv": [3.25, 2, 4.15, 10.1], "rotation": 180, "texture": "#4"},
				"west": {"uv": [3.25, 2, 4.15, 10.1], "rotation": 180, "texture": "#4"},
				"up": {"uv": [3.25, 2, 4.15, 10.1], "rotation": 180, "texture": "#4"},
				"down": {"uv": [3.25, 2, 4.15, 10.1], "rotation": 180, "texture": "#4"}
			}
		},
		{
			"from": [-7.3, -13.6, 3.5],
			"to": [-6.4, -5.635, 6.2],
			"faces": {
				"north": {"uv": [3.25, 2, 4.15, 9.965], "rotation": 180, "texture": "#4"},
				"east": {"uv": [3.25, 2, 4.15, 9.965], "rotation": 180, "texture": "#4"},
				"south": {"uv": [3.25, 2, 4.15, 9.965], "rotation": 180, "texture": "#4"},
				"west": {"uv": [3.25, 2, 4.15, 9.965], "rotation": 180, "texture": "#4"},
				"up": {"uv": [3.25, 2, 4.15, 9.965], "rotation": 180, "texture": "#4"},
				"down": {"uv": [3.25, 2, 4.15, 9.965], "rotation": 180, "texture": "#4"}
			}
		},
		{
			"from": [-7.3, -13.6, 8.9],
			"to": [-6.4, -5.635, 11.6],
			"faces": {
				"north": {"uv": [3.25, 2, 4.15, 9.965], "rotation": 180, "texture": "#4"},
				"east": {"uv": [3.25, 2, 4.15, 9.965], "rotation": 180, "texture": "#4"},
				"south": {"uv": [3.25, 2, 4.15, 9.965], "rotation": 180, "texture": "#4"},
				"west": {"uv": [3.25, 2, 4.15, 9.965], "rotation": 180, "texture": "#4"},
				"up": {"uv": [3.25, 2, 4.15, 9.965], "rotation": 180, "texture": "#4"},
				"down": {"uv": [3.25, 2, 4.15, 9.965], "rotation": 180, "texture": "#4"}
			}
		},
		{
			"from": [-6.85, -13.6, 0.8],
			"to": [-5.95, -5.5, 3.5],
			"faces": {
				"north": {"uv": [3.25, 2, 4.15, 10.1], "rotation": 180, "texture": "#4"},
				"east": {"uv": [3.25, 2, 4.15, 10.1], "rotation": 180, "texture": "#4"},
				"south": {"uv": [3.25, 2, 4.15, 10.1], "rotation": 180, "texture": "#4"},
				"west": {"uv": [3.25, 2, 4.15, 10.1], "rotation": 180, "texture": "#4"},
				"up": {"uv": [3.25, 2, 4.15, 10.1], "rotation": 180, "texture": "#4"},
				"down": {"uv": [3.25, 2, 4.15, 10.1], "rotation": 180, "texture": "#4"}
			}
		},
		{
			"from": [-6.85, -13.6, 11.6],
			"to": [-5.95, -5.5, 14.3],
			"faces": {
				"north": {"uv": [3.25, 2, 4.15, 10.1], "rotation": 180, "texture": "#4"},
				"east": {"uv": [3.25, 2, 4.15, 10.1], "rotation": 180, "texture": "#4"},
				"south": {"uv": [3.25, 2, 4.15, 10.1], "rotation": 180, "texture": "#4"},
				"west": {"uv": [3.25, 2, 4.15, 10.1], "rotation": 180, "texture": "#4"},
				"up": {"uv": [3.25, 2, 4.15, 10.1], "rotation": 180, "texture": "#4"},
				"down": {"uv": [3.25, 2, 4.15, 10.1], "rotation": 180, "texture": "#4"}
			}
		},
		{
			"from": [-7.3, -13.6, -1.9],
			"to": [-6.4, -5.635, 0.8],
			"faces": {
				"north": {"uv": [3.25, 2, 4.15, 9.965], "rotation": 180, "texture": "#4"},
				"east": {"uv": [3.25, 2, 4.15, 9.965], "rotation": 180, "texture": "#4"},
				"south": {"uv": [3.25, 2, 4.15, 9.965], "rotation": 180, "texture": "#4"},
				"west": {"uv": [3.25, 2, 4.15, 9.965], "rotation": 180, "texture": "#4"},
				"up": {"uv": [3.25, 2, 4.15, 9.965], "rotation": 180, "texture": "#4"},
				"down": {"uv": [3.25, 2, 4.15, 9.965], "rotation": 180, "texture": "#4"}
			}
		},
		{
			"from": [-7.3, -13.6, 14.3],
			"to": [-6.4, -5.635, 17],
			"faces": {
				"north": {"uv": [3.25, 2, 4.15, 9.965], "rotation": 180, "texture": "#4"},
				"east": {"uv": [3.25, 2, 4.15, 9.965], "rotation": 180, "texture": "#4"},
				"south": {"uv": [3.25, 2, 4.15, 9.965], "rotation": 180, "texture": "#4"},
				"west": {"uv": [3.25, 2, 4.15, 9.965], "rotation": 180, "texture": "#4"},
				"up": {"uv": [3.25, 2, 4.15, 9.965], "rotation": 180, "texture": "#4"},
				"down": {"uv": [3.25, 2, 4.15, 9.965], "rotation": 180, "texture": "#4"}
			}
		},
		{
			"from": [-6.85, -13.6, -4.6],
			"to": [-5.95, -5.5, -1.9],
			"faces": {
				"north": {"uv": [3.25, 2, 4.15, 10.1], "rotation": 180, "texture": "#4"},
				"east": {"uv": [3.25, 2, 4.15, 10.1], "rotation": 180, "texture": "#4"},
				"south": {"uv": [3.25, 2, 4.15, 10.1], "rotation": 180, "texture": "#4"},
				"west": {"uv": [3.25, 2, 4.15, 10.1], "rotation": 180, "texture": "#4"},
				"up": {"uv": [3.25, 2, 4.15, 10.1], "rotation": 180, "texture": "#4"},
				"down": {"uv": [3.25, 2, 4.15, 10.1], "rotation": 180, "texture": "#4"}
			}
		},
		{
			"from": [-6.85, -13.6, 17],
			"to": [-5.95, -5.5, 19.7],
			"faces": {
				"north": {"uv": [3.25, 2, 4.15, 10.1], "rotation": 180, "texture": "#4"},
				"east": {"uv": [3.25, 2, 4.15, 10.1], "rotation": 180, "texture": "#4"},
				"south": {"uv": [3.25, 2, 4.15, 10.1], "rotation": 180, "texture": "#4"},
				"west": {"uv": [3.25, 2, 4.15, 10.1], "rotation": 180, "texture": "#4"},
				"up": {"uv": [3.25, 2, 4.15, 10.1], "rotation": 180, "texture": "#4"},
				"down": {"uv": [3.25, 2, 4.15, 10.1], "rotation": 180, "texture": "#4"}
			}
		},
		{
			"from": [-7.3, -13.6, -6.5],
			"to": [-6.4, -5.635, -4.6],
			"faces": {
				"north": {"uv": [3.25, 2, 4.15, 9.965], "rotation": 180, "texture": "#4"},
				"east": {"uv": [3.25, 2, 4.15, 9.965], "rotation": 180, "texture": "#4"},
				"south": {"uv": [3.25, 2, 4.15, 9.965], "rotation": 180, "texture": "#4"},
				"west": {"uv": [3.25, 2, 4.15, 9.965], "rotation": 180, "texture": "#4"},
				"up": {"uv": [3.25, 2, 4.15, 9.965], "rotation": 180, "texture": "#4"},
				"down": {"uv": [3.25, 2, 4.15, 9.965], "rotation": 180, "texture": "#4"}
			}
		},
		{
			"from": [-7.3, -13.6, 19.7],
			"to": [-6.4, -5.635, 21.6],
			"faces": {
				"north": {"uv": [3.25, 2, 4.15, 9.965], "rotation": 180, "texture": "#4"},
				"east": {"uv": [3.25, 2, 4.15, 9.965], "rotation": 180, "texture": "#4"},
				"south": {"uv": [3.25, 2, 4.15, 9.965], "rotation": 180, "texture": "#4"},
				"west": {"uv": [3.25, 2, 4.15, 9.965], "rotation": 180, "texture": "#4"},
				"up": {"uv": [3.25, 2, 4.15, 9.965], "rotation": 180, "texture": "#4"},
				"down": {"uv": [3.25, 2, 4.15, 9.965], "rotation": 180, "texture": "#4"}
			}
		},
		{
			"from": [-7.75, -13.6, 21.1],
			"to": [-5.55, 3.8, 23.4],
			"faces": {
				"north": {"uv": [0, 0, 3, 16], "texture": "#0"},
				"east": {"uv": [0, 0, 3, 16], "texture": "#0"},
				"south": {"uv": [0, 0, 3, 16], "texture": "#0"},
				"west": {"uv": [0, 0, 3, 16], "texture": "#0"},
				"up": {"uv": [0, 0, 3, 3], "texture": "#0"},
				"down": {"uv": [0, 0, 3, 3], "texture": "#0"}
			}
		},
		{
			"from": [-7.5, 3.8, 21.35],
			"to": [-5.8, 4.8, 23.15],
			"faces": {
				"north": {"uv": [0, 0, 2.3, 1], "texture": "#0"},
				"east": {"uv": [0, 0, 2.3, 1], "texture": "#0"},
				"south": {"uv": [0, 0, 2.3, 1], "texture": "#0"},
				"west": {"uv": [0, 0, 2.3, 1], "texture": "#0"},
				"up": {"uv": [2, 0, 4.2, 2.2], "texture": "#0"},
				"down": {"uv": [0, 0, 2.3, 1], "texture": "#0"}
			}
		},
		{
			"from": [21.55, -13.6, 21.1],
			"to": [23.75, 3.8, 23.4],
			"faces": {
				"north": {"uv": [0, 0, 3, 16], "texture": "#0"},
				"east": {"uv": [0, 0, 3, 16], "texture": "#0"},
				"south": {"uv": [0, 0, 3, 16], "texture": "#0"},
				"west": {"uv": [0, 0, 3, 16], "texture": "#0"},
				"up": {"uv": [0, 0, 3, 3], "texture": "#0"},
				"down": {"uv": [0, 0, 3, 3], "texture": "#0"}
			}
		},
		{
			"from": [21.8, 3.8, 21.35],
			"to": [23.5, 4.8, 23.15],
			"faces": {
				"north": {"uv": [0, 0, 2.3, 1], "texture": "#0"},
				"east": {"uv": [0, 0, 2.3, 1], "texture": "#0"},
				"south": {"uv": [0, 0, 2.3, 1], "texture": "#0"},
				"west": {"uv": [0, 0, 2.3, 1], "texture": "#0"},
				"up": {"uv": [2, 0, 4.2, 2.2], "texture": "#0"},
				"down": {"uv": [0, 0, 2.3, 1], "texture": "#0"}
			}
		},
		{
			"from": [-7.75, -13.6, -8.2],
			"to": [-5.55, -3.2, -6],
			"faces": {
				"north": {"uv": [0, 0, 3, 16], "texture": "#0"},
				"east": {"uv": [0, 0, 3, 16], "texture": "#0"},
				"south": {"uv": [0, 0, 3, 16], "texture": "#0"},
				"west": {"uv": [0, 0, 3, 16], "texture": "#0"},
				"up": {"uv": [0, 0, 3, 3], "texture": "#0"},
				"down": {"uv": [0, 0, 3, 3], "texture": "#0"}
			}
		},
		{
			"from": [-7.5, -3.2, -7.95],
			"to": [-5.8, -2.2, -6.25],
			"faces": {
				"north": {"uv": [0, 0, 2.2, 1], "texture": "#0"},
				"east": {"uv": [0, 0, 2.2, 1], "texture": "#0"},
				"south": {"uv": [0, 0, 2.2, 1], "texture": "#0"},
				"west": {"uv": [0, 0, 2.2, 1], "texture": "#0"},
				"up": {"uv": [2, 0, 4.2, 2.2], "texture": "#0"},
				"down": {"uv": [0, 0, 2.2, 1], "texture": "#0"}
			}
		},
		{
			"from": [21.55, -13.6, -8.2],
			"to": [23.75, -3.2, -6],
			"faces": {
				"north": {"uv": [0, 0, 3, 16], "texture": "#0"},
				"east": {"uv": [0, 0, 3, 16], "texture": "#0"},
				"south": {"uv": [0, 0, 3, 16], "texture": "#0"},
				"west": {"uv": [0, 0, 3, 16], "texture": "#0"},
				"up": {"uv": [0, 0, 3, 3], "texture": "#0"},
				"down": {"uv": [0, 0, 3, 3], "texture": "#0"}
			}
		},
		{
			"from": [21.8, -3.2, -7.95],
			"to": [23.5, -2.2, -6.25],
			"faces": {
				"north": {"uv": [0, 0, 2.2, 1], "texture": "#0"},
				"east": {"uv": [0, 0, 2.2, 1], "texture": "#0"},
				"south": {"uv": [0, 0, 2.2, 1], "texture": "#0"},
				"west": {"uv": [0, 0, 2.2, 1], "texture": "#0"},
				"up": {"uv": [2, 0, 4.2, 2.2], "texture": "#0"},
				"down": {"uv": [0, 0, 2.2, 1], "texture": "#0"}
			}
		}
	],
	"display": {
		"thirdperson_righthand": {
			"rotation": [75, 45, 0],
			"translation": [0, 2.5, 1.5],
			"scale": [0.25, 0.25, 0.25]
		},
		"thirdperson_lefthand": {
			"rotation": [75, 45, 0],
			"translation": [0, 2.5, 1.5],
			"scale": [0.25, 0.25, 0.25]
		},
		"firstperson_righthand": {
			"rotation": [7, 35, 3],
			"translation": [1.25, 2.5, 0],
			"scale": [0.25, 0.25, 0.25]
		},
		"firstperson_lefthand": {
			"rotation": [7, 35, 3],
			"translation": [1.25, 2.5, 0],
			"scale": [0.25, 0.25, 0.25]
		},
		"ground": {
			"translation": [0, 7.25, 0],
			"scale": [0.5, 0.5, 0.5]
		},
		"gui": {
			"rotation": [30, 225, 0],
			"translation": [0, 1, 0],
			"scale": [0.3, 0.3, 0.3]
		},
		"head": {
			"rotation": [0, 90, 0],
			"translation": [0, 14.75, 0],
			"scale": [0.35, 0.35, 0.35]
		},
		"fixed": {
			"translation": [-16.5, 33.5, 32.25],
			"scale": [2.3, 2.3, 2.3]
		}
	},
	"groups": [
		{
			"name": "Canopy Bed",
			"origin": [8, 8, 8],
			"children": [
				{
					"name": "Headboard",
					"origin": [16.025, -6.6, 30.3],
					"children": [0, 1, 2, 3, 4, 5, 6, 7, 8, 9, 10, 11,
						{
							"name": "Frame",
							"origin": [23.69977, 11.4, 30.3],
							"children": [12, 13, 14, 15, 16, 17, 18, 19, 20]
						}
					]
				},
				{
					"name": "Pillow",
					"origin": [3, 6, 20],
					"children": [21, 22]
				},
				{
					"name": "Pillow",
					"origin": [3, 6, 20],
					"children": [23, 24]
				},
				{
					"name": "Mattress",
					"origin": [16, 1, 16],
					"children": [25, 26, 27, 28, 29, 30, 31, 32, 33, 34, 35, 36, 37, 38, 39, 40]
				},
				{
					"name": "Ruffles",
					"origin": [8, 8, 8],
					"children": [
						{
							"name": "Ruffles",
							"origin": [29.5, -8, -0.5],
							"children": [41, 42, 43, 44, 45, 46, 47, 48, 49, 50, 51]
						},
						{
							"name": "Right Side",
							"origin": [8, 8, 8],
							"children": [
								{
									"name": "Ruffles",
									"origin": [29.5, -8, -0.5],
									"children": [52, 53, 54, 55, 56, 57, 58, 59, 60, 61, 62]
								}
							]
						},
						{
							"name": "Left Side",
							"origin": [8, 8, 8],
							"children": [
								{
									"name": "Ruffles",
									"origin": [29.5, -8, -0.5],
									"children": [63, 64, 65, 66, 67, 68, 69, 70, 71, 72, 73]
								}
							]
						},
						{
							"name": "End of bed",
							"origin": [8, 8, 8],
							"children": []
						}
					]
				},
				{
					"name": "Poles",
					"origin": [8, 8, 8],
					"children": [
						{
							"name": "Pole",
							"origin": [8, 8, 8],
							"children": [74, 75]
						},
						{
							"name": "Pole",
							"origin": [8, 8, 8],
							"children": [76, 77]
						},
						{
							"name": "Pole",
							"origin": [8, 8, 8],
							"children": [78, 79]
						},
						{
							"name": "Pole",
							"origin": [8, 8, 8],
							"children": [80, 81]
						}
					]
				}
			]
		}
	]
}